-3,573,0.485288,0.65346,0.65346,0.338857,5.68393E+13
-2.9,573,0.46029,0.630409,0.650008,0.304603,6.33435E+13
-2.8,573,0.435479,0.606737,0.640957,0.269493,7.01886E+13
-2.7,573,0.410845,0.58241,0.627853,0.233305,7.73323E+13
-2.6,573,0.386375,0.557389,0.611743,0.195769,8.47231E+13
-2.5,573,0.362053,0.531628,0.59334,0.15655,9.23006E+13
-2.4,573,0.337863,0.505078,0.573124,0.115233,9.99962E+13
-2.3,573,0.313789,0.477685,0.551419,0.071302,1.07733E+14
-2.2,573,0.289819,0.449395,0.528437,0.024102,1.15429E+14
-2.1,573,0.265946,0.420154,0.504315,-0.027214,1.22996E+14
-2,573,0.242168,0.389912,0.479141,-0.083762,1.30342E+14
-1.9,573,0.218494,0.35863,0.452964,-0.147071,1.37374E+14
-1.8,573,0.194945,0.326282,0.425818,-0.2193,1.44001E+14
-1.7,573,0.171553,0.292865,0.397721,-0.303662,1.50134E+14
-1.6,573,0.148371,0.258403,0.368693,-0.405218,1.55691E+14
-1.5,573,0.125466,0.222959,0.338759,-0.532583,1.606E+14
-1.4,573,0.102925,0.18664,0.307955,-0.702058,1.648E+14
-1.3,573,0.080853,0.149609,0.276339,-0.949864,1.68244E+14
-1.2,573,0.059373,0.112091,0.243995,-1.383501,1.70902E+14
-1.1,573,0.038624,0.074375,0.211036,-2.763135,1.72761E+14
-1,573,0.018756,0.036821,0.177612,-1.522159,1.73827E+14
-0.9,573,-0.000075,-0.000149,0.143911,-0.536981,1.74125E+14
-0.8,573,-0.017711,-0.03606,0.110159,0.201757,1.73696E+14
-0.7,573,-0.034002,-0.070398,0.076622,1.072342,1.72596E+14
-0.6,573,-0.048814,-0.102638,0.043597,5.878987,1.70894E+14
-0.5,573,-0.062033,-0.132271,0.011407,1.394096,1.68668E+14
-0.4,573,-0.073576,-0.158838,-0.019607,0.867863,1.66002E+14
-0.3,573,-0.083392,-0.181957,-0.049102,0.586263,1.62983E+14
-0.2,573,-0.091469,-0.201356,-0.07675,0.398563,1.59695E+14
-0.1,573,-0.097835,-0.21689,-0.102243,0.259749,1.56219E+14
0,573,-0.102554,-0.228547,-0.12532,0.150877,1.5263E+14
0.1,573,-0.105724,-0.236447,-0.145771,0.062452,1.48993E+14
0.2,573,-0.107472,-0.240826,-0.16345,-0.010846,1.45366E+14
0.3,573,-0.107945,-0.242015,-0.178282,-0.072266,1.41796E+14
0.4,573,-0.107306,-0.240409,-0.190262,-0.123953,1.3832E+14
0.5,573,-0.10572,-0.236437,-0.199451,-0.16743,1.34968E+14
0.6,573,-0.103355,-0.230536,-0.205973,-0.203867,1.3176E+14
0.7,573,-0.100366,-0.223127,-0.210005,-0.234233,1.2871E+14
0.8,573,-0.096899,-0.214592,-0.211759,-0.259373,1.25826E+14
0.9,573,-0.093082,-0.205271,-0.211475,-0.280064,1.23112E+14
1,573,-0.089024,-0.195448,-0.209408,-0.297032,1.20566E+14
1.1,573,-0.084817,-0.185356,-0.205814,-0.310968,1.18187E+14
1.2,573,-0.080534,-0.175176,-0.200941,-0.322526,1.15968E+14
1.3,573,-0.076231,-0.165043,-0.195023,-0.33232,1.13904E+14
1.4,573,-0.07195,-0.155056,-0.188274,-0.340914,1.11987E+14
1.5,573,-0.067721,-0.145281,-0.180886,-0.348815,1.10211E+14
1.6,573,-0.063567,-0.135764,-0.173024,-0.356468,1.08567E+14
1.7,573,-0.059501,-0.126531,-0.164831,-0.364249,1.07049E+14
1.8,573,-0.055535,-0.1176,-0.15643,-0.372465,1.0565E+14
1.9,573,-0.051674,-0.10898,-0.147921,-0.381356,1.04363E+14
2,573,-0.047927,-0.100679,-0.139389,-0.391103,1.03181E+14
,,,,,,
-3,583,0.52043,0.684583,0.684583,0.382101,4.64222E+13
-2.9,583,0.494456,0.66172,0.68109,0.347238,5.21479E+13
-2.8,583,0.46862,0.638177,0.671949,0.311545,5.82316E+13
-2.7,583,0.442917,0.613919,0.658731,0.274826,6.46406E+13
-2.6,583,0.417341,0.588907,0.642497,0.23684,7.13327E+13
-2.5,583,0.391881,0.563096,0.623958,0.19729,7.82568E+13
-2.4,583,0.366525,0.536434,0.603592,0.155807,8.53523E+13
-2.3,583,0.341262,0.508867,0.581716,0.111936,9.25506E+13
-2.2,583,0.316084,0.48034,0.558538,0.0651,9.97749E+13
-2.1,583,0.290986,0.450796,0.534189,0.014567,1.06943E+14
-2,583,0.26597,0.420184,0.50875,-0.040622,1.13966E+14
-1.9,583,0.241048,0.388459,0.482268,-0.101751,1.20754E+14
-1.8,583,0.216243,0.355591,0.454769,-0.170603,1.27217E+14
-1.7,583,0.19159,0.321571,0.42627,-0.249762,1.33264E+14
-1.6,583,0.167144,0.286415,0.396783,-0.343167,1.38813E+14
-1.5,583,0.142974,0.250178,0.366329,-0.457246,1.43785E+14
-1.4,583,0.119169,0.21296,0.33494,-0.603457,1.48116E+14
-1.3,583,0.095838,0.174913,0.30267,-0.804985,1.51752E+14
-1.2,583,0.073107,0.136253,0.269595,-1.119476,1.54656E+14
-1.1,583,0.051118,0.097265,0.235825,-1.767668,1.56807E+14
-1,583,0.030026,0.058301,0.201504,-2.679939,1.58203E+14
-0.9,583,0.009991,0.019784,0.166817,-0.991832,1.5886E+14
-0.8,583,-0.008824,-0.017804,0.131988,-0.189075,1.5881E+14
-0.7,583,-0.026261,-0.053938,0.097281,0.564773,1.58102E+14
-0.6,583,-0.042178,-0.08807,0.062996,1.73194,1.56799E+14
-0.5,583,-0.056453,-0.11966,0.029461,2.004234,1.5497E+14
-0.4,583,-0.068991,-0.148208,-0.002973,1.082501,1.52696E+14
-0.3,583,-0.079733,-0.173283,-0.033951,0.706334,1.50058E+14
-0.2,583,-0.088654,-0.194557,-0.063122,0.47719,1.47137E+14
-0.1,583,-0.095769,-0.211823,-0.090156,0.315188,1.44013E+14
0,583,-0.101128,-0.22501,-0.114761,0.191202,1.40758E+14
0.1,583,-0.104817,-0.234181,-0.136692,0.091706,1.37439E+14
0.2,583,-0.106952,-0.239521,-0.155767,0.009459,1.34113E+14
0.3,583,-0.107669,-0.241321,-0.171869,-0.059822,1.3083E+14
0.4,583,-0.107122,-0.239948,-0.184953,-0.118894,1.27628E+14
0.5,583,-0.105473,-0.235818,-0.195043,-0.169666,1.2454E+14
0.6,583,-0.102885,-0.229369,-0.202228,-0.213561,1.2159E+14
0.7,583,-0.09952,-0.221037,-0.206655,-0.251706,1.18794E+14
0.8,583,-0.095528,-0.211235,-0.208518,-0.285043,1.16162E+14
0.9,583,-0.091052,-0.200345,-0.208045,-0.314384,1.13702E+14
1,583,-0.086217,-0.188704,-0.205491,-0.340451,1.11414E+14
1.1,583,-0.081137,-0.176604,-0.201121,-0.363893,1.09298E+14
1.2,583,-0.07591,-0.164292,-0.195206,-0.385293,1.07351E+14
1.3,583,-0.07062,-0.151973,-0.18801,-0.405183,1.05566E+14
1.4,583,-0.065339,-0.139812,-0.179788,-0.424041,1.03938E+14
1.5,583,-0.060125,-0.127943,-0.170777,-0.442304,1.02459E+14
1.6,583,-0.055028,-0.116466,-0.161193,-0.460373,1.01121E+14
1.7,583,-0.050089,-0.10546,-0.151234,-0.478626,9.99153E+13
1.8,583,-0.045339,-0.094984,-0.141072,-0.497425,9.88342E+13
1.9,583,-0.040802,-0.085075,-0.130858,-0.517136,9.7869E+13
2,583,-0.036498,-0.075762,-0.120723,-0.538146,9.70115E+13
,,,,,,
-3,593,0.556198,0.714817,0.714817,0.425362,3.73347E+13
-2.9,593,0.529259,0.692177,0.711286,0.389792,4.2281E+13
-2.8,593,0.50239,0.668788,0.702066,0.353377,4.7587E+13
-2.7,593,0.475595,0.644615,0.688751,0.31594,5.3229E+13
-2.6,593,0.448871,0.619615,0.672405,0.277264,5.91743E+13
-2.5,593,0.422216,0.593743,0.65374,0.237079,6.53807E+13
-2.4,593,0.395621,0.566946,0.633226,0.195051,7.17967E+13
-2.3,593,0.369083,0.539168,0.611174,0.150768,7.83616E+13
-2.2,593,0.342597,0.51035,0.587783,0.103713,8.50064E+13
-2.1,593,0.316165,0.480433,0.563179,0.053229,9.16546E+13
-2,593,0.289792,0.449363,0.537435,-0.00153,9.82239E+13
-1.9,593,0.263496,0.417091,0.510594,-0.061687,1.04628E+14
-1.8,593,0.237305,0.383584,0.482677,-0.128775,1.10778E+14
-1.7,593,0.211261,0.348828,0.453695,-0.204975,1.16586E+14
-1.6,593,0.185422,0.312837,0.423659,-0.29353,1.21968E+14
-1.5,593,0.159866,0.275663,0.392586,-0.399571,1.26846E+14
-1.4,593,0.134688,0.237402,0.360506,-0.531869,1.31151E+14
-1.3,593,0.110006,0.198209,0.327471,-0.707102,1.34827E+14
-1.2,593,0.085955,0.158303,0.293557,-0.962615,1.37831E+14
-1.1,593,0.062686,0.117977,0.258876,-1.410895,1.40137E+14
-1,593,0.040366,0.0776,0.223576,-2.910384,1.41738E+14
-0.9,593,0.019168,0.037614,0.187847,-1.489575,1.42643E+14
-0.8,593,-0.000733,-0.001467,0.151923,-0.527783,1.42878E+14
-0.7,593,-0.019166,-0.039081,0.116081,0.206263,1.42487E+14
-0.6,593,-0.035974,-0.074634,0.080638,1.086098,1.41525E+14
-0.5,593,-0.051023,-0.107532,0.045946,4.490857,1.40059E+14
-0.4,593,-0.064203,-0.137216,0.012378,1.336149,1.38164E+14
-0.3,593,-0.075444,-0.163201,-0.019677,0.820989,1.35916E+14
-0.2,593,-0.084712,-0.185104,-0.049837,0.540491,1.33395E+14
-0.1,593,-0.092013,-0.202674,-0.077736,0.35134,1.30677E+14
0,593,-0.097395,-0.215809,-0.103047,0.209898,1.27832E+14
0.1,593,-0.100945,-0.224559,-0.125491,0.097575,1.24927E+14
0.2,593,-0.102783,-0.229114,-0.144855,0.004929,1.22017E+14
0.3,593,-0.103055,-0.22979,-0.161001,-0.073419,1.1915E+14
0.4,593,-0.101929,-0.226996,-0.173868,-0.140826,1.16366E+14
0.5,593,-0.099587,-0.221204,-0.183477,-0.199555,1.13697E+14
0.6,593,-0.096217,-0.212919,-0.189924,-0.25125,1.11165E+14
0.7,593,-0.092004,-0.202652,-0.193373,-0.297184,1.08788E+14
0.8,593,-0.087129,-0.19089,-0.194048,-0.338407,1.06575E+14
0.9,593,-0.081763,-0.178087,-0.192216,-0.375821,1.04532E+14
1,593,-0.076062,-0.164646,-0.188177,-0.410239,1.02661E+14
1.1,593,-0.070164,-0.150917,-0.182249,-0.442411,1.00958E+14
1.2,593,-0.064193,-0.137192,-0.174754,-0.473055,9.94208E+13
1.3,593,-0.058252,-0.123711,-0.166011,-0.502874,9.80414E+13
1.4,593,-0.052429,-0.11066,-0.156323,-0.532586,9.68122E+13
1.5,593,-0.046794,-0.098183,-0.145969,-0.562952,9.57246E+13
1.6,593,-0.041402,-0.08638,-0.135206,-0.594819,9.47692E+13
1.7,593,-0.036293,-0.07532,-0.124257,-0.62918,9.39364E+13
1.8,593,-0.031498,-0.065044,-0.113317,-0.667267,9.32167E+13
1.9,593,-0.027033,-0.055568,-0.102548,-0.710698,9.26006E+13
2,593,-0.022908,-0.046891,-0.092083,-0.761719,9.2079E+13
,,,,,,
-3,603,0.592004,0.743722,0.743722,0.467926,2.95205E+13
-2.9,603,0.564103,0.721311,0.740153,0.431543,3.37041E+13
-2.8,603,0.536186,0.698074,0.730858,0.39426,3.8234E+13
-2.7,603,0.508265,0.673973,0.717448,0.35592,4.30948E+13
-2.6,603,0.480346,0.648964,0.700991,0.316326,4.82623E+13
-2.5,603,0.452432,0.623,0.682192,0.275234,5.37031E+13
-2.4,603,0.424527,0.596025,0.661516,0.232342,5.93744E+13
-2.3,603,0.396632,0.567984,0.639265,0.187277,6.52244E+13
-2.2,603,0.368754,0.538817,0.615631,0.139574,7.11921E+13
-2.1,603,0.3409,0.508464,0.590734,0.088649,7.72088E+13
-2,603,0.313089,0.476874,0.564642,0.033754,8.31991E+13
-1.9,603,0.285346,0.443999,0.537396,-0.026088,8.90825E+13
-1.8,603,0.257711,0.40981,0.509014,-0.092194,9.47758E+13
-1.7,603,0.230239,0.3743,0.479508,-0.166395,1.00195E+14
-1.6,603,0.203,0.33749,0.448892,-0.251356,1.0526E+14
-1.5,603,0.176086,0.299444,0.417186,-0.351166,1.09893E+14
-1.4,603,0.149608,0.260276,0.384427,-0.472544,1.14027E+14
-1.3,603,0.123697,0.220161,0.350674,-0.627584,1.17607E+14
-1.2,603,0.098506,0.179345,0.316018,-0.841111,1.20587E+14
-1.1,603,0.074201,0.138152,0.280583,-1.176398,1.22942E+14
-1,603,0.050966,0.096988,0.244536,-1.891941,1.2466E+14
-0.9,603,0.028986,0.056339,0.208088,-2.415251,1.25749E+14
-0.8,603,0.008452,0.016762,0.171496,-0.948045,1.26229E+14
-0.7,603,-0.010457,-0.021135,0.135064,-0.168865,1.26141E+14
-0.6,603,-0.027576,-0.056716,0.099137,0.590042,1.25535E+14
-0.5,603,-0.042767,-0.089355,0.064095,1.854412,1.24472E+14
-0.4,603,-0.055924,-0.118472,0.030341,1.801759,1.2302E+14
-0.3,603,-0.06698,-0.143577,-0.001714,0.974613,1.21252E+14
-0.2,603,-0.075914,-0.164301,-0.031666,0.612045,1.1924E+14
-0.1,603,-0.082749,-0.180429,-0.059138,0.385073,1.17053E+14
0,603,-0.087555,-0.191912,-0.083796,0.221494,1.14758E+14
0.1,603,-0.090441,-0.198868,-0.105369,0.094162,1.12414E+14
0.2,603,-0.091556,-0.201567,-0.123662,-0.009787,1.10072E+14
0.3,603,-0.091076,-0.200404,-0.138562,-0.097381,1.07775E+14
0.4,603,-0.089199,-0.195869,-0.150048,-0.172886,1.05559E+14
0.5,603,-0.086134,-0.188505,-0.158184,-0.239136,1.0345E+14
0.6,603,-0.082096,-0.178876,-0.163118,-0.298181,1.0147E+14
0.7,603,-0.077293,-0.167535,-0.165068,-0.351631,9.96318E+13
0.8,603,-0.071925,-0.154998,-0.164311,-0.400846,9.79434E+13
0.9,603,-0.066176,-0.141732,-0.161163,-0.447058,9.64085E+13
1,603,-0.060211,-0.128138,-0.155967,-0.491455,9.50268E+13
1.1,603,-0.054174,-0.114553,-0.149078,-0.535255,9.37951E+13
1.2,603,-0.048185,-0.10125,-0.140844,-0.579784,9.27081E+13
1.3,603,-0.042346,-0.088437,-0.131601,-0.626584,9.17586E+13
1.4,603,-0.036735,-0.076271,-0.121657,-0.677572,9.09386E+13
1.5,603,-0.031411,-0.06486,-0.111294,-0.735308,9.02391E+13
1.6,603,-0.026419,-0.054271,-0.100756,-0.803468,8.96509E+13
1.7,603,-0.021785,-0.044539,-0.090252,-0.887772,8.91648E+13
1.8,603,-0.017525,-0.035675,-0.079957,-0.997988,8.87715E+13
1.9,603,-0.013644,-0.027665,-0.070009,-1.152931,8.84621E+13
2,603,-0.010138,-0.020484,-0.060517,-1.39598,8.82281E+13
,,,,,,
-3,613,0.62708,0.770804,0.770804,0.508968,2.28998E+13
-2.9,613,0.598229,0.748615,0.767197,0.471703,2.63538E+13
-2.8,613,0.569265,0.725518,0.757827,0.433471,3.01276E+13
-2.7,613,0.540211,0.701476,0.744324,0.394136,3.42123E+13
-2.6,613,0.511084,0.676447,0.727755,0.353531,3.85913E+13
-2.5,613,0.481902,0.650384,0.708823,0.311448,4.32396E+13
-2.4,613,0.452681,0.623235,0.687986,0.267629,4.8123E+13
-2.3,613,0.423437,0.59495,0.66554,0.221758,5.31985E+13
-2.2,613,0.394191,0.565476,0.641674,0.173447,5.84146E+13
-2.1,613,0.364969,0.534765,0.616507,0.12221,6.37117E+13
-2,613,0.335804,0.502775,0.59011,0.067438,6.90236E+13
-1.9,613,0.306742,0.469476,0.562525,0.008346,7.42788E+13
-1.8,613,0.277841,0.43486,0.53378,-0.056096,7.94024E+13
-1.7,613,0.249172,0.398939,0.503896,-0.127285,8.43188E+13
-1.6,613,0.220827,0.361766,0.4729,-0.207189,8.89539E+13
-1.5,613,0.192914,0.323433,0.440828,-0.298707,9.32383E+13
-1.4,613,0.165561,0.284088,0.407734,-0.40636,9.71096E+13
-1.3,613,0.138915,0.243942,0.373701,-0.537731,1.00516E+14
-1.2,613,0.113139,0.203278,0.338839,-0.706845,1.03416E+14
-1.1,613,0.088408,0.162455,0.303297,-0.943687,1.05784E+14
-1,613,0.064909,0.121906,0.267267,-1.330517,1.0761E+14
-0.9,613,0.042829,0.08214,0.230981,-2.286571,1.08896E+14
-0.8,613,0.022349,0.043721,0.194718,-1.942189,1.09661E+14
-0.7,613,0.003639,0.007252,0.158798,-0.803663,1.09938E+14
-0.6,613,-0.013154,-0.026659,0.123577,-0.059838,1.09769E+14
-0.5,613,-0.027913,-0.057429,0.089438,0.739315,1.09208E+14
-0.4,613,-0.040557,-0.084543,0.056778,2.485972,1.08311E+14
-0.3,613,-0.051048,-0.107588,0.025992,1.453802,1.07141E+14
-0.2,613,-0.059393,-0.126286,-0.002539,0.809266,1.05758E+14
-0.1,613,-0.065645,-0.140513,-0.028475,0.488342,1.04223E+14
0,613,-0.0699,-0.150307,-0.051526,0.278513,1.02591E+14
0.1,613,-0.072297,-0.155862,-0.071471,0.123565,1.00912E+14
0.2,613,-0.073002,-0.157503,-0.088168,0.000769,9.92286E+13
0.3,613,-0.072211,-0.155664,-0.101561,-0.101199,9.75785E+13
0.4,613,-0.070134,-0.150847,-0.11168,-0.188837,9.59911E+13
0.5,613,-0.066987,-0.143593,-0.118637,-0.266327,9.44894E+13
0.6,613,-0.062987,-0.134441,-0.122621,-0.336675,9.30903E+13
0.7,613,-0.05834,-0.12391,-0.123878,-0.402289,9.18054E+13
0.8,613,-0.053242,-0.112473,-0.122704,-0.465327,9.06415E+13
0.9,613,-0.047867,-0.100546,-0.119425,-0.527955,8.96015E+13
1,613,-0.042368,-0.088484,-0.114381,-0.592589,8.86853E+13
1.1,613,-0.036876,-0.076577,-0.107914,-0.662222,8.789E+13
1.2,613,-0.031501,-0.06505,-0.100354,-0.74095,8.72111E+13
1.3,613,-0.026327,-0.054077,-0.092011,-0.834973,8.66426E+13
1.4,613,-0.021421,-0.043779,-0.083166,-0.954736,8.61774E+13
1.5,613,-0.01683,-0.034236,-0.074067,-1.120351,8.58082E+13
1.6,613,-0.012586,-0.025493,-0.064927,-1.378777,8.5527E+13
1.7,613,-0.008707,-0.017566,-0.055924,-1.887622,8.53258E+13
1.8,613,-0.005199,-0.010452,-0.047204,-4.81338,8.5197E+13
1.9,613,-0.00206,-0.004128,-0.038877,-1.45365,8.51328E+13
2,613,0.00072,0.001438,-0.031028,-0.560191,8.51259E+13
,,,,,,
-3,623,0.660667,0.795665,0.795665,0.54793,1.73793E+13
-2.9,623,0.63096,0.773728,0.792025,0.509909,2.01537E+13
-2.8,623,0.601053,0.750822,0.782606,0.470893,2.3211E+13
-2.7,623,0.570986,0.726914,0.769049,0.430789,2.6548E+13
-2.6,623,0.540797,0.701971,0.752427,0.389478,3.01548E+13
-2.5,623,0.510524,0.675956,0.73344,0.346812,3.40138E+13
-2.4,623,0.480202,0.648833,0.712546,0.302607,3.80998E+13
-2.3,623,0.449871,0.620567,0.690042,0.256639,4.23797E+13
-2.2,623,0.419572,0.591125,0.666123,0.20863,4.68123E+13
-2.1,623,0.389354,0.560482,0.640913,0.158241,5.13495E+13
-2,623,0.359271,0.528623,0.614494,0.105051,5.59367E+13
-1.9,623,0.329386,0.495546,0.586924,0.048531,6.05146E+13
-1.8,623,0.299774,0.461271,0.558245,-0.011996,6.50203E+13
-1.7,623,0.270521,0.425843,0.528497,-0.077416,6.93898E+13
-1.6,623,0.241729,0.389342,0.497724,-0.14892,7.35601E+13
-1.5,623,0.213509,0.351887,0.465984,-0.228166,7.74712E+13
-1.4,623,0.185991,0.313647,0.43335,-0.31756,8.10691E+13
-1.3,623,0.159316,0.274845,0.399919,-0.420776,8.43073E+13
-1.2,623,0.133636,0.235765,0.365818,-0.543788,8.7149E+13
-1.1,623,0.109111,0.196755,0.331204,-0.697178,8.95687E+13
-1,623,0.085907,0.158222,0.29627,-0.902068,9.15529E+13
-0.9,623,0.064187,0.120631,0.261249,-1.209531,9.31004E+13
-0.8,623,0.044107,0.084487,0.226407,-1.801329,9.4222E+13
-0.7,623,0.025807,0.050316,0.192043,-3.450194,9.49395E+13
-0.6,623,0.009409,0.018642,0.158487,-1.272091,9.52844E+13
-0.5,623,-0.004998,-0.010045,0.126084,-0.449645,9.52955E+13
-0.4,623,-0.017354,-0.03532,0.09519,0.284806,9.50171E+13
-0.3,623,-0.027641,-0.056854,0.066151,1.339552,9.4497E+13
-0.2,623,-0.035883,-0.074436,0.039295,2.040924,9.37835E+13
-0.1,623,-0.042141,-0.08799,0.014912,0.932358,9.29243E+13
0,623,-0.046519,-0.097577,-0.006761,0.519171,9.19644E+13
0.1,623,-0.049154,-0.10339,-0.025546,0.269654,9.09449E+13
0.2,623,-0.050212,-0.105732,-0.04134,0.091268,8.99021E+13
0.3,623,-0.049879,-0.104995,-0.054115,-0.048947,8.88672E+13
0.4,623,-0.048357,-0.101629,-0.063921,-0.166592,8.7866E+13
0.5,623,-0.045851,-0.096108,-0.070878,-0.2706,8.69189E+13
0.6,623,-0.042563,-0.088911,-0.075169,-0.367057,8.60417E+13
0.7,623,-0.038689,-0.080492,-0.077029,-0.460951,8.52453E+13
0.8,623,-0.034407,-0.071267,-0.076732,-0.557276,8.45371E+13
0.9,623,-0.029881,-0.061603,-0.074575,-0.662114,8.39208E+13
1,623,-0.025251,-0.05181,-0.070866,-0.784322,8.33975E+13
1.1,623,-0.020637,-0.042145,-0.065912,-0.939127,8.29662E+13
1.2,623,-0.016139,-0.032807,-0.060006,-1.158042,8.26239E+13
1.3,623,-0.011833,-0.023949,-0.053423,-1.526904,8.23664E+13
1.4,623,-0.007779,-0.01568,-0.046411,-2.495689,8.21885E+13
1.5,623,-0.004018,-0.008069,-0.039186,-2.012818,8.20845E+13
1.6,623,-0.000579,-0.001159,-0.031936,-0.867574,8.20481E+13
1.7,623,0.002525,0.005037,-0.024815,-0.090694,8.20731E+13
1.8,623,0.005288,0.01052,-0.017948,0.752573,8.21529E+13
1.9,623,0.007715,0.015311,-0.011433,2.642002,8.22814E+13
2,623,0.009814,0.019437,-0.005341,1.486408,8.24524E+13
,,,,,,
-3,633,0.692576,0.818369,0.818369,0.585405,1.28651E+13
-2.9,633,0.662344,0.79688,0.814733,0.547208,1.50279E+13
-2.8,633,0.631871,0.774413,0.805365,0.508103,1.74318E+13
-2.7,633,0.601221,0.750953,0.791914,0.468055,2.00783E+13
-2.6,633,0.570454,0.726483,0.775454,0.427012,2.29636E+13
-2.5,633,0.53963,0.700987,0.756686,0.384898,2.60779E+13
-2.4,633,0.508807,0.674449,0.736071,0.341615,2.94049E+13
-2.3,633,0.478041,0.646857,0.713913,0.297031,3.29221E+13
-2.2,633,0.44739,0.618202,0.690414,0.250982,3.66003E+13
-2.1,633,0.416913,0.58848,0.66571,0.20326,4.04041E+13
-2,633,0.38667,0.557696,0.639895,0.153606,4.42925E+13
-1.9,633,0.356727,0.525864,0.613035,0.101697,4.82201E+13
-1.8,633,0.327154,0.493016,0.585186,0.047132,5.21376E+13
-1.7,633,0.298028,0.459202,0.556395,-0.010594,5.59941E+13
-1.6,633,0.269435,0.424496,0.526713,-0.072118,5.97379E+13
-1.5,633,0.24147,0.389007,0.496199,-0.138266,6.33188E+13
-1.4,633,0.214239,0.352878,0.464923,-0.210126,6.66899E+13
-1.3,633,0.187861,0.316301,0.432974,-0.289185,6.98091E+13
-1.2,633,0.162461,0.279512,0.400465,-0.377548,7.26409E+13
-1.1,633,0.138178,0.242805,0.367533,-0.478354,7.51576E+13
-1,633,0.115153,0.206523,0.334347,-0.596565,7.73406E+13
-0.9,633,0.09353,0.171061,0.301108,-0.740669,7.91806E+13
-0.8,633,0.073451,0.13685,0.268046,-0.92679,8.06782E+13
-0.7,633,0.055045,0.104346,0.235423,-1.190835,8.1843E+13
-0.6,633,0.038425,0.074006,0.203527,-1.639343,8.26931E+13
-0.5,633,0.02368,0.046265,0.172662,-3.016894,8.32538E+13
-0.4,633,0.01087,0.021507,0.143142,-1.822914,8.35559E+13
-0.3,633,0.00002,0.000039,0.115278,-0.85013,8.36343E+13
-0.2,633,-0.008886,-0.017932,0.089362,-0.12724,8.35261E+13
-0.1,633,-0.015899,-0.032312,0.065657,0.724691,8.32687E+13
0,633,-0.02111,-0.04313,0.044382,4.898831,8.2899E+13
0.1,633,-0.024642,-0.05053,0.0257,1.021185,8.24512E+13
0.2,633,-0.026648,-0.054756,0.009712,0.469691,8.19567E+13
0.3,633,-0.027302,-0.056137,-0.003549,0.159562,8.14433E+13
0.4,633,-0.026791,-0.055058,-0.014119,-0.064029,8.09344E+13
0.5,633,-0.02531,-0.051934,-0.022098,-0.250361,8.04494E+13
0.6,633,-0.02305,-0.047187,-0.027644,-0.424729,8.00039E+13
0.7,633,-0.020196,-0.041224,-0.030961,-0.607353,7.96093E+13
0.8,633,-0.016921,-0.034424,-0.032289,-0.824249,7.92739E+13
0.9,633,-0.013379,-0.027122,-0.031893,-1.127231,7.90028E+13
1,633,-0.009708,-0.019607,-0.030045,-1.684154,7.87988E+13
1.1,633,-0.006023,-0.012119,-0.027021,-3.97732,7.86623E+13
1.2,633,-0.00242,-0.004851,-0.023084,-1.239499,7.85921E+13
1.3,633,0.001026,0.00205,-0.018483,-0.376512,7.85857E+13
1.4,633,0.004256,0.008476,-0.013442,0.380142,7.86397E+13
1.5,633,0.007229,0.014354,-0.008159,1.419958,7.87495E+13
1.6,633,0.009917,0.019639,-0.002805,2.402723,7.89106E+13
1.7,633,0.012304,0.02431,0.002476,1.200624,7.91177E+13
1.8,633,0.014385,0.028362,0.007568,0.803939,7.93658E+13
1.9,633,0.016161,0.031808,0.01238,0.581938,7.96494E+13
2,633,0.01764,0.034668,0.016843,0.434751,7.99635E+13
,,,,,,
-3,643,0.72411,0.839981,0.839981,0.624119,9.27128E+12
-2.9,643,0.694074,0.819414,0.836435,0.586895,1.09091E+13
-2.8,643,0.663807,0.797937,0.827343,0.548946,1.27473E+13
-2.7,643,0.633386,0.77555,0.814333,0.510281,1.47914E+13
-2.6,643,0.602884,0.752249,0.798462,0.470884,1.70433E+13
-2.5,643,0.572366,0.728032,0.780419,0.43072,1.95005E+13
-2.4,643,0.541891,0.702891,0.760658,0.389724,2.21558E+13
-2.3,643,0.511511,0.676821,0.739477,0.347805,2.49968E+13
-2.2,643,0.481277,0.649813,0.717074,0.304839,2.80061E+13
-2.1,643,0.451233,0.621861,0.693581,0.260666,3.11607E+13
-2,643,0.421423,0.59296,0.669084,0.215092,3.44327E+13
-1.9,643,0.391894,0.563109,0.643644,0.167884,3.77893E+13
-1.8,643,0.362693,0.532318,0.617305,0.118766,4.11938E+13
-1.7,643,0.333878,0.500612,0.590101,0.06742,4.46063E+13
-1.6,643,0.305512,0.468035,0.562067,0.013477,4.79848E+13
-1.5,643,0.277675,0.434657,0.533241,-0.043489,5.12867E+13
-1.4,643,0.250457,0.400585,0.503674,-0.103975,5.44698E+13
-1.3,643,0.223965,0.365966,0.473429,-0.16857,5.74944E+13
-1.2,643,0.19832,0.330996,0.442594,-0.237989,6.03244E+13
-1.1,643,0.173656,0.295924,0.411281,-0.313132,6.2929E+13
-1,643,0.15012,0.261051,0.379631,-0.395173,6.52839E+13
-0.9,643,0.127861,0.226732,0.347818,-0.485715,6.7372E+13
-0.8,643,0.107028,0.193361,0.316048,-0.587058,6.91843E+13
-0.7,643,0.087764,0.161367,0.284558,-0.702691,7.072E+13
-0.6,643,0.070196,0.131183,0.253613,-0.83824,7.1986E+13
-0.5,643,0.054427,0.103235,0.223498,-1.00353,7.29963E+13
-0.4,643,0.040531,0.077904,0.19451,-1.217704,7.3771E+13
-0.3,643,0.028547,0.05551,0.166947,-1.52511,7.4335E+13
-0.2,643,0.018477,0.036283,0.141092,-2.069496,7.47164E+13
-0.1,643,0.010278,0.020348,0.117204,-5.14533,7.4945E+13
0,643,0.003875,0.00772,0.095505,-1.906901,7.50511E+13
0.1,643,-0.000848,-0.001697,0.076163,-1.081851,7.50642E+13
0.2,643,-0.004033,-0.008099,0.05929,-0.423627,7.50119E+13
0.3,643,-0.005848,-0.011764,0.044935,0.427796,7.49193E+13
0.4,643,-0.006473,-0.013029,0.033083,1.702855,7.48083E+13
0.5,643,-0.006097,-0.012268,0.023656,-0.110892,7.46974E+13
0.6,643,-0.004909,-0.009866,0.016522,-1.313807,7.46021E+13
0.7,643,-0.003091,-0.006201,0.011503,-1.59791,7.45343E+13
0.8,643,-0.000814,-0.001629,0.008386,-0.428799,7.4503E+13
0.9,643,0.001768,0.003531,0.006932,0.265247,7.45143E+13
1,643,0.00452,0.008999,0.006893,1.002421,7.45721E+13
1.1,643,0.007324,0.014541,0.008015,2.425218,7.46781E+13
1.2,643,0.010084,0.019967,0.010055,1.935176,7.48325E+13
1.3,643,0.012724,0.025128,0.012781,1.208139,7.50338E+13
1.4,643,0.015183,0.029912,0.015983,0.873573,7.52798E+13
1.5,643,0.017418,0.034239,0.019472,0.665979,7.55672E+13
1.6,643,0.019398,0.038058,0.023085,0.520112,7.58923E+13
1.7,643,0.021106,0.041339,0.026685,0.410017,7.62507E+13
1.8,643,0.022532,0.044072,0.030158,0.322821,7.6638E+13
1.9,643,0.023676,0.046258,0.033414,0.251221,7.70496E+13
2,643,0.024542,0.047909,0.036382,0.190665,7.74809E+13
,,,,,,
-3,653,0.758342,0.862565,0.862565,0.668219,6.51367E+12
-2.9,653,0.729447,0.843561,0.859228,0.633146,7.72619E+12
-2.8,653,0.700294,0.823733,0.8507,0.597434,9.10329E+12
-2.7,653,0.670951,0.803076,0.838529,0.56108,1.06538E+13
-2.6,653,0.641473,0.781582,0.823712,0.524058,1.23841E+13
-2.5,653,0.611909,0.759235,0.806894,0.486318,1.4298E+13
-2.4,653,0.5823,0.736017,0.788491,0.447785,1.63954E+13
-2.3,653,0.552678,0.711903,0.768772,0.408362,1.86728E+13
-2.2,653,0.523075,0.686867,0.747908,0.367927,2.11219E+13
-2.1,653,0.493518,0.66088,0.726004,0.326338,2.37301E+13
-2,653,0.464037,0.633914,0.703125,0.283434,2.64798E+13
-1.9,653,0.434667,0.605948,0.679311,0.239036,2.93485E+13
-1.8,653,0.405451,0.57697,0.654582,0.192956,3.23095E+13
-1.7,653,0.376444,0.546981,0.628956,0.144993,3.53315E+13
-1.6,653,0.347714,0.516005,0.602447,0.094942,3.83803E+13
-1.5,653,0.319345,0.484096,0.575078,0.042594,4.14192E+13
-1.4,653,0.29144,0.451341,0.546882,-0.012255,4.44102E+13
-1.3,653,0.264119,0.417871,0.517911,-0.069801,4.73156E+13
-1.2,653,0.23752,0.383865,0.488239,-0.130228,5.00996E+13
-1.1,653,0.211795,0.349556,0.457966,-0.193695,5.27293E+13
-1,653,0.187107,0.315232,0.427225,-0.260329,5.51765E+13
-0.9,653,0.163624,0.281231,0.396181,-0.330203,5.7419E+13
-0.8,653,0.141513,0.247939,0.365029,-0.403308,5.9441E+13
-0.7,653,0.120933,0.215772,0.334002,-0.4795,6.12339E+13
-0.6,653,0.102025,0.185159,0.303356,-0.558404,6.27966E+13
-0.5,653,0.084907,0.156523,0.273371,-0.639252,6.41346E+13
-0.4,653,0.069663,0.130253,0.244341,-0.720579,6.52598E+13
-0.3,653,0.056344,0.106677,0.216558,-0.799721,6.61893E+13
-0.2,653,0.044956,0.086044,0.190308,-0.871981,6.6944E+13
-0.1,653,0.035467,0.068505,0.165849,-0.929451,6.75476E+13
0,653,0.027804,0.054104,0.143407,-0.959808,6.8025E+13
0.1,653,0.021856,0.042777,0.123158,-0.946327,6.84013E+13
0.2,653,0.017483,0.034365,0.105222,-0.871472,6.87008E+13
0.3,653,0.01452,0.028625,0.089662,-0.725414,6.89458E+13
0.4,653,0.012787,0.02525,0.076476,-0.515289,6.91568E+13
0.5,653,0.012094,0.023899,0.065604,-0.267158,6.9351E+13
0.6,653,0.012254,0.02421,0.056931,-0.018503,6.95434E+13
0.7,653,0.013082,0.025826,0.050298,0.193749,6.97459E+13
0.8,653,0.014408,0.028406,0.04551,0.345008,6.99675E+13
0.9,653,0.016075,0.031641,0.042347,0.42977,7.0215E+13
1,653,0.017946,0.035259,0.040576,0.458707,7.04927E+13
1.1,653,0.019902,0.039028,0.03996,0.44913,7.08033E+13
1.2,653,0.021845,0.042756,0.040267,0.4169,7.11475E+13
1.3,653,0.023695,0.046293,0.041278,0.37331,7.15246E+13
1.4,653,0.025388,0.049519,0.042791,0.325298,7.19331E+13
1.5,653,0.026879,0.052352,0.044623,0.276704,7.23702E+13
1.6,653,0.028135,0.054729,0.046616,0.229434,7.28328E+13
1.7,653,0.029132,0.056615,0.048634,0.184262,7.3317E+13
1.8,653,0.02986,0.057988,0.050564,0.141322,7.38187E+13
1.9,653,0.030312,0.05884,0.052314,0.100387,7.43335E+13
2,653,0.030489,0.059174,0.05381,0.061018,7.4857E+13
,,,,,,
-3,663,0.79818,0.887765,0.887765,0.719675,4.48845E+12
-2.9,663,0.770994,0.870691,0.884706,0.68702,5.37433E+12
-2.8,663,0.743374,0.852799,0.876896,0.653556,6.39449E+12
-2.7,663,0.715367,0.834069,0.865745,0.619258,7.55967E+12
-2.6,663,0.687013,0.814472,0.85215,0.58409,8.87927E+12
-2.5,663,0.658346,0.793979,0.836683,0.547997,1.03609E+13
-2.4,663,0.629399,0.772553,0.819703,0.510913,1.20097E+13
-2.3,663,0.600201,0.750157,0.801437,0.472758,1.3828E+13
-2.2,663,0.570784,0.726751,0.782021,0.433441,1.58144E+13
-2.1,663,0.541183,0.702296,0.761536,0.392864,1.79635E+13
-2,663,0.511439,0.676758,0.740026,0.350924,2.02657E+13
-1.9,663,0.481601,0.650109,0.717516,0.307512,2.27065E+13
-1.8,663,0.451729,0.622333,0.694015,0.262522,2.52669E+13
-1.7,663,0.421899,0.59343,0.669531,0.215854,2.79233E+13
-1.6,663,0.392198,0.563423,0.644073,0.16742,3.06482E+13
-1.5,663,0.362734,0.532362,0.617661,0.117149,3.34105E+13
-1.4,663,0.33363,0.500334,0.590326,0.065,3.61772E+13
-1.3,663,0.305028,0.467466,0.562118,0.010972,3.89136E+13
-1.2,663,0.277085,0.433933,0.53311,-0.044878,4.15857E+13
-1.1,663,0.24997,0.399961,0.503402,-0.102419,4.41608E+13
-1,663,0.223862,0.365829,0.473125,-0.161415,4.66095E+13
-0.9,663,0.198945,0.331867,0.442441,-0.221491,4.89065E+13
-0.8,663,0.175398,0.298449,0.411546,-0.282082,5.10322E+13
-0.7,663,0.15339,0.265981,0.380666,-0.342375,5.29731E+13
-0.6,663,0.133071,0.234885,0.350055,-0.401216,5.47219E+13
-0.5,663,0.114564,0.205577,0.319988,-0.457012,5.62782E+13
-0.4,663,0.097962,0.178443,0.290753,-0.507598,5.76472E+13
-0.3,663,0.083316,0.153816,0.26264,-0.550129,5.88398E+13
-0.2,663,0.070637,0.131953,0.235931,-0.581027,5.98709E+13
-0.1,663,0.059894,0.113019,0.210883,-0.596097,6.07585E+13
0,663,0.051014,0.097076,0.18772,-0.590973,6.15228E+13
0.1,663,0.043888,0.084085,0.166621,-0.561993,6.21846E+13
0.2,663,0.038374,0.073911,0.147711,-0.507471,6.27647E+13
0.3,663,0.034306,0.066337,0.131059,-0.428965,6.32828E+13
0.4,663,0.031504,0.061083,0.116673,-0.331921,6.37568E+13
0.5,663,0.029776,0.05783,0.104501,-0.225144,6.4203E+13
0.6,663,0.028932,0.056237,0.094443,-0.119106,6.46349E+13
0.7,663,0.028787,0.055963,0.086352,-0.023649,6.50638E+13
0.8,663,0.029167,0.056681,0.080046,0.054057,6.54985E+13
0.9,663,0.029914,0.05809,0.075318,0.110559,6.59456E+13
1,663,0.030887,0.059922,0.071947,0.145928,6.64097E+13
1.1,663,0.031964,0.061948,0.069709,0.162674,6.68933E+13
1.2,663,0.033045,0.063975,0.06838,0.164432,6.73975E+13
1.3,663,0.034044,0.065847,0.067749,0.154911,6.79218E+13
1.4,663,0.034897,0.067441,0.06762,0.137299,6.84649E+13
1.5,663,0.035552,0.068663,0.067815,0.114044,6.90241E+13
1.6,663,0.035971,0.069445,0.068176,0.086856,6.95962E+13
1.7,663,0.036129,0.069738,0.068567,0.056804,7.01775E+13
1.8,663,0.036007,0.06951,0.068874,0.024434,7.07635E+13
1.9,663,0.035594,0.068741,0.069,-0.010139,7.13497E+13
2,663,0.034885,0.067418,0.068866,-0.047179,7.1931E+13
,,,,,,
-3,673,0.8433,0.914989,0.914989,0.775636,3.05934E+12
-2.9,673,0.817662,0.899685,0.912179,0.744742,3.70224E+12
-2.8,673,0.791296,0.88349,0.90501,0.712738,4.45342E+12
-2.7,673,0.764248,0.866373,0.894747,0.679614,5.32408E+12
-2.6,673,0.736564,0.848301,0.882185,0.645353,6.32489E+12
-2.5,673,0.70829,0.829239,0.867822,0.609931,7.46546E+12
-2.4,673,0.679472,0.80915,0.85197,0.573316,8.75387E+12
-2.3,673,0.650159,0.787996,0.83482,0.535471,1.0196E+13
-2.2,673,0.620404,0.76574,0.816485,0.496352,1.17952E+13
-2.1,673,0.590263,0.742346,0.797032,0.455912,1.35512E+13
-2,673,0.559801,0.717785,0.776495,0.414102,1.54603E+13
-1.9,673,0.52909,0.692032,0.754892,0.370874,1.75143E+13
-1.8,673,0.498214,0.665077,0.732233,0.326186,1.9701E+13
-1.7,673,0.46727,0.636924,0.708524,0.280007,2.20033E+13
-1.6,673,0.436366,0.607597,0.683777,0.232324,2.44002E+13
-1.5,673,0.405628,0.577148,0.658012,0.183151,2.68668E+13
-1.4,673,0.375197,0.545663,0.631262,0.132538,2.93751E+13
-1.3,673,0.345229,0.513265,0.603578,0.08059,3.1895E+13
-1.2,673,0.315896,0.480123,0.575035,0.027479,3.43957E+13
-1.1,673,0.287378,0.446454,0.545732,-0.026534,3.68464E+13
-1,673,0.259865,0.412528,0.515797,-0.081072,3.92185E+13
-0.9,673,0.233548,0.37866,0.48539,-0.135613,4.14859E+13
-0.8,673,0.208613,0.345211,0.454701,-0.189453,4.36271E+13
-0.7,673,0.185235,0.312571,0.423953,-0.241671,4.56255E+13
-0.6,673,0.163568,0.28115,0.393391,-0.291085,4.74699E+13
-0.5,673,0.14374,0.25135,0.363283,-0.336218,4.91551E+13
-0.4,673,0.125842,0.223552,0.333911,-0.375291,5.06813E+13
-0.3,673,0.10993,0.198084,0.305556,-0.40625,5.20539E+13
-0.2,673,0.096014,0.175206,0.278493,-0.426874,5.32827E+13
-0.1,673,0.084063,0.155088,0.252974,-0.434992,5.43805E+13
0,673,0.074003,0.137808,0.229219,-0.428831,5.5363E+13
0.1,673,0.065724,0.123342,0.207405,-0.407461,5.62467E+13
0.2,673,0.059084,0.111575,0.187659,-0.371253,5.70487E+13
0.3,673,0.053914,0.102311,0.170049,-0.322182,5.77858E+13
0.4,673,0.05003,0.095293,0.15459,-0.263813,5.84735E+13
0.5,673,0.047242,0.090221,0.141237,-0.200893,5.91259E+13
0.6,673,0.045354,0.086773,0.129898,-0.138611,5.9755E+13
0.7,673,0.04418,0.084621,0.120435,-0.081751,6.03709E+13
0.8,673,0.043542,0.08345,0.112677,-0.033979,6.09816E+13
0.9,673,0.043279,0.082967,0.106426,0.00253,6.1593E+13
1,673,0.043246,0.082907,0.101471,0.027073,6.22091E+13
1.1,673,0.043318,0.083039,0.097594,0.040101,6.28322E+13
1.2,673,0.043389,0.083169,0.094582,0.042767,6.34628E+13
1.3,673,0.043369,0.083133,0.092226,0.036499,6.41003E+13
1.4,673,0.043188,0.0828,0.090333,0.022671,6.47426E+13
1.5,673,0.042789,0.082066,0.088727,0.002396,6.53869E+13
1.6,673,0.042127,0.080848,0.087249,-0.023585,6.60293E+13
1.7,673,0.04117,0.079084,0.08576,-0.054967,6.66652E+13
1.8,673,0.039892,0.076724,0.08414,-0.091929,6.72896E+13
1.9,673,0.038277,0.073731,0.082283,-0.135221,6.78968E+13
2,673,0.036309,0.070074,0.080104,-0.186315,6.84808E+13
,,,,,,
-3,683,0.890042,0.941822,0.941822,0.830967,2.07588E+12
-2.9,683,0.865498,0.9279,0.939186,0.801182,2.53971E+12
-2.8,683,0.839939,0.913007,0.932496,0.770036,3.08922E+12
-2.7,683,0.813429,0.897117,0.9229,0.737548,3.7351E+12
-2.6,683,0.786032,0.880199,0.911113,0.703729,4.48797E+12
-2.5,683,0.757815,0.862224,0.897579,0.668589,5.35807E+12
-2.4,683,0.728845,0.843158,0.882574,0.632129,6.35476E+12
-2.3,683,0.699192,0.82297,0.866267,0.594347,7.48603E+12
-2.2,683,0.66893,0.801627,0.848755,0.555234,8.75793E+12
-2.1,683,0.638136,0.7791,0.830097,0.514782,1.0174E+13
-2,683,0.606893,0.755362,0.810324,0.47298,1.17348E+13
-1.9,683,0.575292,0.730394,0.78945,0.429819,1.34372E+13
-1.8,683,0.543433,0.704187,0.767484,0.385301,1.52745E+13
-1.7,683,0.511426,0.676747,0.744435,0.339439,1.72357E+13
-1.6,683,0.479397,0.648098,0.720313,0.292269,1.93057E+13
-1.5,683,0.447482,0.618291,0.69514,0.243855,2.14656E+13
-1.4,683,0.415834,0.587405,0.668948,0.194304,2.3693E+13
-1.3,683,0.384619,0.555559,0.641788,0.143779,2.5963E+13
-1.2,683,0.354016,0.522913,0.613732,0.092512,2.82488E+13
-1.1,683,0.324215,0.489671,0.584876,0.040823,3.05231E+13
-1,683,0.295411,0.456089,0.555345,-0.010858,3.27591E+13
-0.9,683,0.267802,0.422467,0.525293,-0.061972,3.49318E+13
-0.8,683,0.241578,0.389146,0.494902,-0.111806,3.70191E+13
-0.7,683,0.216916,0.356502,0.464386,-0.159481,3.9003E+13
-0.6,683,0.193975,0.324924,0.433983,-0.203935,4.08697E+13
-0.5,683,0.172884,0.294801,0.403949,-0.243934,4.26106E+13
-0.4,683,0.153736,0.266501,0.374557,-0.278098,4.42219E+13
-0.3,683,0.136586,0.240344,0.346077,-0.304977,4.57046E+13
-0.2,683,0.121446,0.216587,0.318775,-0.323165,4.70636E+13
-0.1,683,0.108282,0.195405,0.292894,-0.331483,4.83075E+13
0,683,0.097021,0.176881,0.268648,-0.329193,4.94471E+13
0.1,683,0.087551,0.161006,0.246208,-0.316233,5.04952E+13
0.2,683,0.079726,0.147678,0.225697,-0.293395,5.1465E+13
0.3,683,0.073377,0.136722,0.207185,-0.262395,5.23699E+13
0.4,683,0.068317,0.127897,0.190687,-0.225764,5.32227E+13
0.5,683,0.064351,0.120921,0.176163,-0.186582,5.4035E+13
0.6,683,0.061282,0.115487,0.163525,-0.148079,5.48167E+13
0.7,683,0.058918,0.11128,0.15264,-0.113225,5.55763E+13
0.8,683,0.057078,0.107992,0.143345,-0.084405,5.63202E+13
0.9,683,0.055594,0.105333,0.13545,-0.063245,5.70531E+13
1,683,0.054319,0.10304,0.128747,-0.050616,5.77777E+13
1.1,683,0.053119,0.100879,0.123027,-0.046783,5.84954E+13
1.2,683,0.051883,0.098647,0.118075,-0.051627,5.92056E+13
1.3,683,0.050515,0.096171,0.113688,-0.064889,5.99065E+13
1.4,683,0.048936,0.093306,0.10967,-0.086397,6.05951E+13
1.5,683,0.047083,0.089932,0.105844,-0.116279,6.12673E+13
1.6,683,0.044905,0.08595,0.102045,-0.155169,6.19179E+13
1.7,683,0.04236,0.081277,0.098127,-0.20448,6.2541E+13
1.8,683,0.039417,0.075845,0.09396,-0.266831,6.31301E+13
1.9,683,0.036053,0.069597,0.089431,-0.346866,6.36779E+13
2,683,0.032249,0.062484,0.08444,-0.452974,6.4177E+13
,,,,,,
-3,693,0.934448,0.966113,0.966113,0.882111,1.40515E+12
-2.9,693,0.910803,0.953319,0.963605,0.8533,1.737E+12
-2.8,693,0.885923,0.939512,0.957307,0.822956,2.13521E+12
-2.7,693,0.859888,0.924666,0.948269,0.791115,2.6093E+12
-2.6,693,0.832775,0.908758,0.937143,0.757811,3.16912E+12
-2.5,693,0.804665,0.891761,0.924332,0.723071,3.82456E+12
-2.4,693,0.775639,0.873645,0.910083,0.686919,4.58519E+12
-2.3,693,0.745782,0.854381,0.894544,0.649373,5.45984E+12
-2.2,693,0.715179,0.833941,0.877803,0.610449,6.45612E+12
-2.1,693,0.683919,0.812295,0.859909,0.570161,7.57987E+12
-2,693,0.652099,0.789419,0.840888,0.528523,8.83469E+12
-1.9,693,0.61982,0.765295,0.820753,0.485556,1.02214E+13
-1.8,693,0.587193,0.739914,0.79951,0.441289,1.17375E+13
-1.7,693,0.554339,0.713279,0.777166,0.395767,1.33772E+13
-1.6,693,0.52139,0.685413,0.75373,0.349057,1.51307E+13
-1.5,693,0.488495,0.656361,0.729222,0.301258,1.69848E+13
-1.4,693,0.455812,0.626197,0.703672,0.252512,1.89225E+13
-1.3,693,0.423517,0.595029,0.677127,0.203014,2.09242E+13
-1.2,693,0.391795,0.563007,0.649657,0.153025,2.29678E+13
-1.1,693,0.360842,0.530322,0.621351,0.102889,2.50299E+13
-1,693,0.330859,0.497212,0.592329,0.053047,2.70866E+13
-0.9,693,0.302048,0.463959,0.562735,0.004045,2.91151E+13
-0.8,693,0.274604,0.430886,0.532745,-0.043446,3.1094E+13
-0.7,693,0.248708,0.398345,0.502561,-0.088637,3.30049E+13
-0.6,693,0.22452,0.366707,0.472409,-0.130619,3.48328E+13
-0.5,693,0.202171,0.336343,0.442535,-0.168392,3.65667E+13
-0.4,693,0.181755,0.307601,0.413197,-0.200907,3.81996E+13
-0.3,693,0.163327,0.280793,0.384653,-0.227142,3.97291E+13
-0.2,693,0.146898,0.256166,0.357157,-0.246205,4.11559E+13
-0.1,693,0.132436,0.233895,0.33094,-0.257459,4.24845E+13
0,693,0.119862,0.214066,0.306206,-0.260665,4.37216E+13
0.1,693,0.109064,0.196677,0.283119,-0.256101,4.48757E+13
0.2,693,0.099892,0.181639,0.261795,-0.244634,4.59563E+13
0.3,693,0.092174,0.16879,0.242299,-0.22772,4.69734E+13
0.4,693,0.085719,0.157902,0.224645,-0.207305,4.79364E+13
0.5,693,0.080327,0.148708,0.208792,-0.185643,4.8854E+13
0.6,693,0.075795,0.14091,0.194653,-0.165069,4.97336E+13
0.7,693,0.071927,0.134202,0.182099,-0.147782,5.05814E+13
0.8,693,0.068536,0.128279,0.170968,-0.135675,5.14015E+13
0.9,693,0.065447,0.122854,0.161072,-0.130269,5.21967E+13
1,693,0.062506,0.117658,0.152208,-0.132736,5.2968E+13
1.1,693,0.059574,0.11245,0.144165,-0.144024,5.37146E+13
1.2,693,0.056533,0.107016,0.13673,-0.165059,5.44345E+13
1.3,693,0.053281,0.101172,0.129697,-0.197011,5.51241E+13
1.4,693,0.049735,0.094758,0.122869,-0.241673,5.57787E+13
1.5,693,0.045828,0.08764,0.116061,-0.302028,5.63923E+13
1.6,693,0.041508,0.079707,0.109107,-0.383276,5.69584E+13
1.7,693,0.036734,0.070865,0.101853,-0.49498,5.74695E+13
1.8,693,0.031482,0.061042,0.094166,-0.656444,5.79177E+13
1.9,693,0.025736,0.05018,0.08593,-0.913706,5.82951E+13
2,693,0.019495,0.038244,0.077043,-1.422011,5.85934E+13
,,,,,,
-3,703,0.974314,0.98699,0.98699,0.927834,9.47848E+11
-2.9,703,0.951726,0.975266,0.984611,0.900235,1.18269E+12
-2.8,703,0.927734,0.962512,0.978708,0.870968,1.46777E+12
-2.7,703,0.902417,0.948706,0.97024,0.840076,1.81121E+12
-2.6,703,0.875863,0.933824,0.959795,0.807602,2.22163E+12
-2.5,703,0.848154,0.917839,0.947736,0.773583,2.70801E+12
-2.4,703,0.819381,0.900725,0.93428,0.738052,3.27939E+12
-2.3,703,0.789631,0.882451,0.919559,0.701043,3.94457E+12
-2.2,703,0.758999,0.86299,0.903648,0.662586,4.71169E+12
-2.1,703,0.72758,0.842311,0.886586,0.622709,5.58782E+12
-2,703,0.695477,0.820391,0.868394,0.581447,6.57846E+12
-1.9,703,0.6628,0.797209,0.84908,0.538837,7.68703E+12
-1.8,703,0.629666,0.772755,0.828647,0.494932,8.91449E+12
-1.7,703,0.596204,0.747028,0.807098,0.449796,1.02588E+13
-1.6,703,0.562556,0.720046,0.78444,0.403519,1.1715E+13
-1.5,703,0.528874,0.691848,0.76069,0.356223,1.32743E+13
-1.4,703,0.495327,0.6625,0.735874,0.308068,1.49252E+13
-1.3,703,0.462095,0.632099,0.710035,0.259267,1.66528E+13
-1.2,703,0.42937,0.600782,0.683235,0.210089,1.84399E+13
-1.1,703,0.397355,0.568724,0.655559,0.160879,2.02672E+13
-1,703,0.366255,0.536144,0.627117,0.11206,2.21145E+13
-0.9,703,0.336277,0.503304,0.598045,0.06414,2.39614E+13
-0.8,703,0.307619,0.470502,0.568506,0.017719,2.57883E+13
-0.7,703,0.280465,0.438067,0.538691,-0.026521,2.75774E+13
-0.6,703,0.254977,0.406345,0.508811,-0.067831,2.93132E+13
-0.5,703,0.231287,0.375684,0.479097,-0.105425,3.09833E+13
-0.4,703,0.209491,0.346412,0.449791,-0.138528,3.25786E+13
-0.3,703,0.189642,0.318822,0.421137,-0.166442,3.40935E+13
-0.2,703,0.171749,0.29315,0.39337,-0.188627,3.55257E+13
-0.1,703,0.155778,0.269563,0.366708,-0.204793,3.68755E+13
0,703,0.141647,0.248146,0.341339,-0.214987,3.81458E+13
0.1,703,0.12924,0.228898,0.317416,-0.219663,3.93411E+13
0.2,703,0.118404,0.211737,0.295043,-0.219709,4.04671E+13
0.3,703,0.108961,0.196509,0.274278,-0.216432,4.15298E+13
0.4,703,0.100715,0.182998,0.255128,-0.211482,4.25351E+13
0.5,703,0.09346,0.170944,0.237546,-0.206751,4.34884E+13
0.6,703,0.086991,0.160058,0.221445,-0.204244,4.43941E+13
0.7,703,0.081103,0.150038,0.206693,-0.205982,4.52551E+13
0.8,703,0.075607,0.140585,0.193127,-0.213957,4.60732E+13
0.9,703,0.070326,0.13141,0.180562,-0.230166,4.68485E+13
1,703,0.065103,0.122247,0.168795,-0.256766,4.75797E+13
1.1,703,0.059801,0.112853,0.157617,-0.29639,4.82639E+13
1.2,703,0.054306,0.103017,0.146818,-0.352718,4.88973E+13
1.3,703,0.048524,0.092558,0.136197,-0.431583,4.94745E+13
1.4,703,0.042387,0.081328,0.125564,-0.543321,4.99897E+13
1.5,703,0.035847,0.069213,0.114743,-0.708698,5.04363E+13
1.6,703,0.028878,0.056135,0.103583,-0.978101,5.08074E+13
1.7,703,0.021477,0.04205,0.091954,-1.530219,5.10961E+13
1.8,703,0.013661,0.026953,0.07975,-3.235447,5.1296E+13
1.9,703,0.00547,0.010881,0.066896,-0.958439,5.14014E+13
2,703,-0.003033,-0.006085,0.053346,-0.105325,5.14076E+13
,,,,,,
-3,713,1.008985,1.004472,1.004472,0.968082,6.35946E+11
-2.9,713,0.987789,0.993857,1.002246,0.94205,8.00026E+11
-2.8,713,0.965034,0.982206,0.996786,0.914222,1.00133E+12
-2.7,713,0.9408,0.969497,0.988949,0.88464,1.24647E+12
-2.6,713,0.915168,0.955705,0.979256,0.853348,1.5427E+12
-2.5,713,0.888226,0.940805,0.968023,0.820386,1.89775E+12
-2.4,713,0.86006,0.924766,0.955439,0.785795,2.31968E+12
-2.3,713,0.830762,0.907559,0.941616,0.749613,2.81664E+12
-2.2,713,0.800428,0.889153,0.926614,0.71188,3.39659E+12
-2.1,713,0.769158,0.869519,0.910464,0.672636,4.0669E+12
-2,713,0.737059,0.848628,0.89318,0.631925,4.83399E+12
-1.9,713,0.704245,0.82646,0.874765,0.589801,5.70287E+12
-1.8,713,0.67084,0.802997,0.855216,0.546326,6.6767E+12
-1.7,713,0.636979,0.778237,0.834533,0.50158,7.75641E+12
-1.6,713,0.602808,0.75219,0.812719,0.455668,8.9403E+12
-1.5,713,0.568487,0.724886,0.789785,0.408719,1.02238E+13
-1.4,713,0.53419,0.696381,0.765753,0.360901,1.15995E+13
-1.3,713,0.500104,0.666759,0.74066,0.312428,1.30571E+13
-1.2,713,0.466426,0.63614,0.71456,0.263563,1.45836E+13
-1.1,713,0.433363,0.60468,0.687529,0.214627,1.61639E+13
-1,713,0.401126,0.572576,0.659665,0.166006,1.77813E+13
-0.9,713,0.369923,0.540064,0.631094,0.118148,1.94185E+13
-0.8,713,0.339957,0.507415,0.601963,0.071562,2.1058E+13
-0.7,713,0.311413,0.474927,0.572448,0.026806,2.2683E+13
-0.6,713,0.284453,0.442917,0.542741,-0.015535,2.42784E+13
-0.5,713,0.259211,0.411704,0.513056,-0.05488,2.5831E+13
-0.4,713,0.235779,0.381588,0.483612,-0.090697,2.73303E+13
-0.3,713,0.214211,0.35284,0.454634,-0.12256,2.87683E+13
-0.2,713,0.194513,0.325678,0.426335,-0.15021,3.01396E+13
-0.1,713,0.176647,0.300255,0.398914,-0.173624,3.14412E+13
0,713,0.16053,0.276649,0.37254,-0.193076,3.26723E+13
0.1,713,0.14604,0.25486,0.347348,-0.209176,3.38336E+13
0.2,713,0.133023,0.234811,0.323429,-0.222897,3.49266E+13
0.3,713,0.121299,0.216354,0.300829,-0.235561,3.59537E+13
0.4,713,0.110671,0.199287,0.279546,-0.248822,3.69171E+13
0.5,713,0.100936,0.183364,0.25953,-0.264629,3.78186E+13
0.6,713,0.091891,0.168315,0.240691,-0.285223,3.86594E+13
0.7,713,0.083341,0.15386,0.222902,-0.313195,3.94396E+13
0.8,713,0.075108,0.139722,0.206009,-0.351666,4.01585E+13
0.9,713,0.067034,0.125646,0.189837,-0.404705,4.08142E+13
1,713,0.058987,0.111402,0.174203,-0.478216,4.14039E+13
1.1,713,0.050861,0.096799,0.158923,-0.581884,4.19242E+13
1.2,713,0.042585,0.081691,0.143823,-0.734023,4.23709E+13
1.3,713,0.034115,0.06598,0.128742,-0.976419,4.27397E+13
1.4,713,0.025444,0.049625,0.113544,-1.441834,4.30266E+13
1.5,713,0.016591,0.032641,0.098125,-3.638994,4.32278E+13
1.6,713,0.00761,0.015105,0.082413,-1.247595,4.33407E+13
1.7,713,-0.00142,-0.002844,0.066376,-0.327227,4.33636E+13
1.8,713,-0.010394,-0.021007,0.050024,0.420665,4.32965E+13
1.9,713,-0.019188,-0.039126,0.033412,1.365315,4.3141E+13
2,713,-0.027661,-0.056896,0.016638,3.140038,4.29007E+13
,,,,,,
-3,723,1.038418,1.018847,1.018847,1.003001,4.23743E+11
-2.9,723,1.018961,1.009391,1.016799,0.978865,5.36829E+11
-2.8,723,0.997795,0.998896,1.011835,0.952799,6.76894E+11
-2.7,723,0.974992,0.987338,1.004691,0.92484,8.49163E+11
-2.6,723,0.950628,0.974689,0.995815,0.89503,1.05947E+12
-2.5,723,0.924784,0.960922,0.985475,0.863406,1.31419E+12
-2.4,723,0.897545,0.946006,0.973827,0.830009,1.62018E+12
-2.3,723,0.869,0.929909,0.960962,0.79488,1.98455E+12
-2.2,723,0.839246,0.912598,0.946926,0.758061,2.41454E+12
-2.1,723,0.808382,0.894039,0.931739,0.719597,2.91719E+12
-2,723,0.776518,0.874202,0.915407,0.679538,3.49903E+12
-1.9,723,0.743769,0.853059,0.897927,0.637943,4.1657E+12
-1.8,723,0.710264,0.83059,0.879291,0.59488,4.92161E+12
-1.7,723,0.676141,0.806783,0.859493,0.550434,5.76947E+12
-1.6,723,0.641549,0.781639,0.83853,0.504709,6.70999E+12
-1.5,723,0.606654,0.755177,0.816407,0.457836,7.74153E+12
-1.4,723,0.571633,0.727438,0.793137,0.409974,8.85995E+12
-1.3,723,0.536676,0.69849,0.768749,0.36132,1.00585E+13
-1.2,723,0.501986,0.66843,0.743286,0.31211,1.13279E+13
-1.1,723,0.467772,0.63739,0.716812,0.262626,1.26568E+13
-1,723,0.434247,0.60554,0.689412,0.213192,1.40317E+13
-0.9,723,0.401623,0.573083,0.661193,0.164172,1.54381E+13
-0.8,723,0.370103,0.540255,0.632284,0.115967,1.68607E+13
-0.7,723,0.339873,0.507321,0.60284,0.068991,1.82842E+13
-0.6,723,0.311097,0.47456,0.573031,0.023655,1.96942E+13
-0.5,723,0.283906,0.442254,0.543045,-0.019663,2.10772E+13
-0.4,723,0.258397,0.410676,0.513078,-0.060665,2.24216E+13
-0.3,723,0.23462,0.380068,0.483328,-0.099174,2.37175E+13
-0.2,723,0.212585,0.350631,0.453986,-0.135186,2.49573E+13
-0.1,723,0.192256,0.322509,0.425227,-0.168926,2.61352E+13
0,723,0.173557,0.295779,0.397201,-0.20089,2.72469E+13
0.1,723,0.156372,0.270453,0.370029,-0.231892,2.82899E+13
0.2,723,0.140561,0.246477,0.343792,-0.263095,2.92625E+13
0.3,723,0.125961,0.223739,0.318535,-0.296046,3.01637E+13
0.4,723,0.112398,0.202082,0.29426,-0.332732,3.09929E+13
0.5,723,0.0997,0.181322,0.270934,-0.375675,3.17496E+13
0.6,723,0.087702,0.161261,0.248491,-0.428161,3.24332E+13
0.7,723,0.076259,0.141711,0.226844,-0.494693,3.30428E+13
0.8,723,0.065249,0.122505,0.205887,-0.581981,3.35773E+13
0.9,723,0.054582,0.103513,0.185512,-0.701213,3.40359E+13
1,723,0.044199,0.084657,0.165616,-0.873944,3.44174E+13
1.1,723,0.03408,0.065915,0.14611,-1.1514,3.47214E+13
1.2,723,0.024239,0.047331,0.126931,-1.714299,3.49478E+13
1.3,723,0.01472,0.029013,0.108048,-3.377786,3.50975E+13
1.4,723,0.005598,0.011134,0.089463,-1.149664,3.51724E+13
1.5,723,-0.003033,-0.006085,0.071223,-0.308548,3.51756E+13
1.6,723,-0.011064,-0.022375,0.053411,0.439884,3.51117E+13
1.7,723,-0.01838,-0.037449,0.036149,1.502451,3.49864E+13
1.8,723,-0.024872,-0.051014,0.01959,2.230351,3.48065E+13
1.9,723,-0.030442,-0.062796,0.00391,1.119164,3.458E+13
2,723,-0.035012,-0.072565,-0.010702,0.708312,3.43155E+13
,,,,,,
-3,733,1.062543,1.030323,1.030323,1.032509,2.80161E+11
-2.9,733,1.045105,1.022055,1.028478,1.010504,3.57006E+11
-2.8,733,1.025806,1.012739,1.024045,0.986429,4.52989E+11
-2.7,733,1.004709,1.002349,1.017635,0.960313,5.72089E+11
-2.6,733,0.981878,0.990856,1.009615,0.932186,7.18829E+11
-2.5,733,0.957386,0.978229,1.0002,0.90208,8.98268E+11
-2.4,733,0.931311,0.964434,0.989515,0.870029,1.11594E+12
-2.3,733,0.903738,0.949435,0.977626,0.83607,1.37778E+12
-2.2,733,0.874756,0.933195,0.964564,0.800241,1.68996E+12
-2.1,733,0.844465,0.915675,0.950339,0.762583,2.05871E+12
-2,733,0.81297,0.896838,0.934947,0.723146,2.49007E+12
-1.9,733,0.780388,0.876649,0.918376,0.681982,2.98959E+12
-1.8,733,0.746845,0.855079,0.900611,0.639156,3.562E+12
-1.7,733,0.71248,0.832103,0.881638,0.594746,4.21086E+12
-1.6,733,0.677446,0.807711,0.861446,0.548845,4.9382E+12
-1.5,733,0.641907,0.781904,0.84003,0.501566,5.74421E+12
-1.4,733,0.606044,0.754704,0.817392,0.453045,6.62696E+12
-1.3,733,0.570048,0.726153,0.793548,0.403446,7.58229E+12
-1.2,733,0.534124,0.696324,0.768527,0.352961,8.60372E+12
-1.1,733,0.498483,0.665317,0.742375,0.301809,9.68261E+12
-1,733,0.463343,0.633266,0.715158,0.250236,1.08083E+13
-0.9,733,0.428917,0.600339,0.686962,0.198508,1.19688E+13
-0.8,733,0.395414,0.566733,0.657893,0.146904,1.31507E+13
-0.7,733,0.363025,0.532675,0.628081,0.095695,1.43403E+13
-0.6,733,0.331921,0.498409,0.597672,0.04513,1.55239E+13
-0.5,733,0.302245,0.46419,0.566827,-0.004596,1.66884E+13
-0.4,733,0.274104,0.430269,0.53572,-0.053369,1.78217E+13
-0.3,733,0.24757,0.396883,0.504527,-0.101196,1.89131E+13
-0.2,733,0.222674,0.364241,0.473425,-0.148239,1.99536E+13
-0.1,733,0.199411,0.332514,0.44258,-0.194851,2.09356E+13
0,733,0.177741,0.301833,0.412146,-0.241618,2.18533E+13
0.1,733,0.157596,0.272282,0.382253,-0.289389,2.27026E+13
0.2,733,0.138891,0.243906,0.353014,-0.339313,2.34804E+13
0.3,733,0.121527,0.216717,0.324513,-0.392893,2.41849E+13
0.4,733,0.105405,0.190708,0.296817,-0.452064,2.48155E+13
0.5,733,0.090434,0.165868,0.269971,-0.519356,2.53723E+13
0.6,733,0.076537,0.142191,0.244009,-0.598189,2.58561E+13
0.7,733,0.063658,0.119696,0.218959,-0.69349,2.62687E+13
0.8,733,0.051762,0.09843,0.194852,-0.812987,2.66124E+13
0.9,733,0.040841,0.078476,0.171726,-0.970267,2.68904E+13
1,733,0.030902,0.059951,0.149632,-1.193178,2.71066E+13
1.1,733,0.021972,0.042999,0.12864,-1.554528,2.72658E+13
1.2,733,0.014085,0.027778,0.108834,-2.382682,2.73734E+13
1.3,733,0.007275,0.014446,0.090318,-2.451099,2.74356E+13
1.4,733,0.001573,0.003141,0.073204,-1.197922,2.74588E+13
1.5,733,-0.003008,-0.006035,0.057605,-0.460231,2.74503E+13
1.6,733,-0.006473,-0.01303,0.04363,0.287398,2.74169E+13
1.7,733,-0.00885,-0.017859,0.031374,1.706206,2.73659E+13
1.8,733,-0.010194,-0.020597,0.020904,1.128995,2.73039E+13
1.9,733,-0.01058,-0.021387,0.012256,0.320942,2.72373E+13
2,733,-0.01011,-0.020426,0.005428,-0.153493,2.71717E+13
,,,,,,
-3,743,1.080975,1.038912,1.038912,1.056101,1.837E+11
-2.9,743,1.065718,1.031814,1.037281,1.036332,2.35153E+11
-2.8,743,1.048449,1.023651,1.033393,1.014343,2.9988E+11
-2.7,743,1.029211,1.014395,1.027723,0.990148,3.80803E+11
-2.6,743,1.008057,1.004012,1.020554,0.963761,4.813E+11
-2.5,743,0.985046,0.992467,1.012049,0.9352,6.05208E+11
-2.4,743,0.960244,0.979719,1.002297,0.904487,7.56809E+11
-2.3,743,0.933724,0.965727,0.991341,0.871645,9.40772E+11
-2.2,743,0.90557,0.950446,0.979195,0.836701,1.16207E+12
-2.1,743,0.875872,0.933829,0.965855,0.799684,1.42585E+12
-2,743,0.84473,0.91583,0.951306,0.760629,1.73722E+12
-1.9,743,0.812255,0.896402,0.935525,0.719577,2.10108E+12
-1.8,743,0.77857,0.875501,0.918488,0.676577,2.52179E+12
-1.7,743,0.743813,0.853088,0.900169,0.631687,3.0029E+12
-1.6,743,0.708134,0.829132,0.880545,0.584978,3.54683E+12
-1.5,743,0.6717,0.803613,0.859597,0.536537,4.15454E+12
-1.4,743,0.634693,0.776529,0.837315,0.486468,4.82529E+12
-1.3,743,0.59731,0.747895,0.813695,0.434894,5.55646E+12
-1.2,743,0.559762,0.717753,0.788751,0.38196,6.34337E+12
-1.1,743,0.52227,0.686173,0.76251,0.327831,7.17935E+12
-1,743,0.485066,0.653258,0.735016,0.272691,8.05589E+12
-0.9,743,0.448381,0.619148,0.706337,0.216742,8.96287E+12
-0.8,743,0.412447,0.584018,0.67656,0.160198,9.88898E+12
-0.7,743,0.377487,0.54808,0.645797,0.103278,1.08222E+13
-0.6,743,0.343707,0.51158,0.614183,0.046198,1.17503E+13
-0.5,743,0.311295,0.47479,0.581873,-0.010836,1.26614E+13
-0.4,743,0.280414,0.438005,0.549044,-0.067632,1.35444E+13
-0.3,743,0.251198,0.401532,0.515888,-0.124017,1.43895E+13
-0.2,743,0.223752,0.365681,0.48261,-0.179831,1.51884E+13
-0.1,743,0.19815,0.33076,0.449425,-0.234906,1.59346E+13
0,743,0.174442,0.297064,0.416551,-0.289033,1.66234E+13
0.1,743,0.152652,0.26487,0.384206,-0.341904,1.72521E+13
0.2,743,0.132783,0.234437,0.352609,-0.393024,1.78195E+13
0.3,743,0.114826,0.205999,0.321971,-0.441585,1.83264E+13
0.4,743,0.098758,0.179763,0.292495,-0.48631,1.87748E+13
0.5,743,0.084546,0.15591,0.264377,-0.525258,1.9168E+13
0.6,743,0.072149,0.134587,0.237799,-0.555634,1.95103E+13
0.7,743,0.061517,0.115904,0.212933,-0.573688,1.98069E+13
0.8,743,0.05259,0.099925,0.189928,-0.57484,2.00636E+13
0.9,743,0.045295,0.086665,0.168916,-0.554247,2.02864E+13
1,743,0.039545,0.076081,0.150001,-0.507976,2.04817E+13
1.1,743,0.035236,0.068074,0.133254,-0.43464,2.06556E+13
1.2,743,0.03225,0.062484,0.118713,-0.336924,2.08142E+13
1.3,743,0.030451,0.059102,0.106373,-0.222113,2.09631E+13
1.4,743,0.029693,0.057673,0.096189,-0.101061,2.11074E+13
1.5,743,0.029819,0.057912,0.088075,0.014189,2.12518E+13
1.6,743,0.030671,0.059517,0.081905,0.11325,2.14E+13
1.7,743,0.03209,0.062184,0.07752,0.189573,2.15553E+13
1.8,743,0.033921,0.065617,0.074732,0.241189,2.17202E+13
1.9,743,0.036024,0.069543,0.073334,0.26995,2.18966E+13
2,743,0.038269,0.073717,0.07311,0.279935,2.20856E+13
,,,,,,
-3,753,1.092811,1.044347,1.044347,1.072679,1.19362E+11
-2.9,753,1.079734,1.038339,1.042933,1.05506,1.53257E+11
-2.8,753,1.064485,1.031235,1.039566,1.035056,1.96129E+11
-2.7,753,1.047087,1.023002,1.034592,1.012655,2.50041E+11
-2.6,753,1.027574,1.013599,1.02821,0.987851,3.17406E+11
-2.5,753,1.005986,1.002984,1.020529,0.960641,4.01E+11
-2.4,753,0.982374,0.991108,1.011603,0.931024,5.03958E+11
-2.3,753,0.956797,0.977921,1.001449,0.899006,6.29747E+11
-2.2,753,0.929325,0.963368,0.990064,0.864592,7.82109E+11
-2.1,753,0.900039,0.94739,0.977429,0.827795,9.64968E+11
-2,753,0.869031,0.929927,0.963514,0.788631,1.1823E+12
-1.9,753,0.836407,0.910917,0.948285,0.747125,1.43794E+12
-1.8,753,0.802291,0.890301,0.931704,0.70331,1.73542E+12
-1.7,753,0.76682,0.868023,0.913734,0.65723,2.07764E+12
-1.6,753,0.730154,0.844033,0.894339,0.608944,2.46671E+12
-1.5,753,0.69247,0.818295,0.873487,0.558532,2.90358E+12
-1.4,753,0.653968,0.790787,0.851154,0.506095,3.38789E+12
-1.3,753,0.614871,0.761511,0.827327,0.451764,3.91773E+12
-1.2,753,0.575423,0.730499,0.802008,0.395705,4.48956E+12
-1.1,753,0.535886,0.69782,0.775218,0.338125,5.0982E+12
-1,753,0.496543,0.663587,0.746999,0.279284,5.73697E+12
-0.9,753,0.457687,0.627963,0.717424,0.219502,6.39788E+12
-0.8,753,0.419618,0.591171,0.686593,0.159173,7.07203E+12
-0.7,753,0.38264,0.553492,0.654641,0.098785,7.75002E+12
-0.6,753,0.347047,0.515271,0.621743,0.038935,8.42247E+12
-0.5,753,0.31312,0.47691,0.588106,-0.019639,9.08049E+12
-0.4,753,0.281116,0.438862,0.553978,-0.076035,9.71615E+12
-0.3,753,0.251263,0.401614,0.51964,-0.129154,1.03229E+13
-0.2,753,0.223748,0.365676,0.485403,-0.177673,1.08958E+13
-0.1,753,0.198718,0.331551,0.451599,-0.220043,1.14316E+13
0,753,0.176271,0.299711,0.418574,-0.254512,1.19289E+13
0.1,753,0.156454,0.270575,0.386676,-0.279213,1.23882E+13
0.2,753,0.139263,0.244479,0.356243,-0.292336,1.28111E+13
0.3,753,0.124644,0.22166,0.327588,-0.292399,1.32008E+13
0.4,753,0.112496,0.20224,0.300988,-0.278599,1.35612E+13
0.5,753,0.102673,0.186225,0.27667,-0.251164,1.38971E+13
0.6,753,0.094994,0.173506,0.254803,-0.211612,1.42133E+13
0.7,753,0.089248,0.16387,0.235491,-0.162761,1.45151E+13
0.8,753,0.085202,0.157025,0.218767,-0.108459,1.48072E+13
0.9,753,0.082612,0.152616,0.204597,-0.053026,1.50943E+13
1,753,0.08123,0.150256,0.192882,-0.00059,1.53805E+13
1.1,753,0.080813,0.149542,0.183467,0.045524,1.56694E+13
1.2,753,0.08113,0.150083,0.176148,0.083162,1.59639E+13
1.3,753,0.081966,0.151513,0.17069,0.111416,1.62665E+13
1.4,753,0.083132,0.153502,0.166836,0.130444,1.65788E+13
1.5,753,0.08446,0.155765,0.164317,0.141143,1.69022E+13
1.6,753,0.085813,0.158062,0.162869,0.144806,1.72373E+13
1.7,753,0.087077,0.160205,0.162238,0.142839,1.75844E+13
1.8,753,0.088166,0.162045,0.162188,0.136578,1.79434E+13
1.9,753,0.089014,0.163477,0.16251,0.127184,1.83137E+13
2,753,0.08958,0.16443,0.163018,0.115613,1.86947E+13
,,,,,,
-3,763,1.096373,1.045971,1.045971,1.080262,76704870508
-2.9,763,1.08525,1.040882,1.044757,1.064456,98594881422
-2.8,763,1.071782,1.034647,1.041843,1.046073,1.26368E+11
-2.7,763,1.05597,1.027223,1.037454,1.025076,1.6141E+11
-2.6,763,1.037826,1.018562,1.031712,1.001432,2.05357E+11
-2.5,763,1.017373,1.008612,1.024678,0.975118,2.60097E+11
-2.4,763,0.994646,0.997316,1.016371,0.946112,3.2778E+11
-2.3,763,0.969692,0.984613,1.006786,0.914404,4.10794E+11
-2.2,763,0.942575,0.970439,0.995901,0.879989,5.1173E+11
-2.1,763,0.913372,0.954725,0.983683,0.842875,6.33318E+11
-2,763,0.882182,0.937404,0.970093,0.803082,7.78329E+11
-1.9,763,0.849123,0.918406,0.955087,0.760647,9.49452E+11
-1.8,763,0.814338,0.897669,0.938622,0.71563,1.14914E+12
-1.7,763,0.777994,0.875137,0.920655,0.668117,1.37942E+12
-1.6,763,0.74029,0.850766,0.90115,0.618232,1.64173E+12
-1.5,763,0.701455,0.824536,0.88008,0.566143,1.93672E+12
-1.4,763,0.661751,0.79645,0.85743,0.512072,2.26407E+12
-1.3,763,0.621473,0.766553,0.833205,0.456312,2.62242E+12
-1.2,763,0.580945,0.734934,0.807432,0.399237,3.0093E+12
-1.1,763,0.540522,0.701739,0.780168,0.341322,3.42116E+12
-1,763,0.500579,0.667181,0.751506,0.283158,3.85354E+12
-0.9,763,0.461503,0.631546,0.721577,0.225473,4.30125E+12
-0.8,763,0.423686,0.595195,0.690557,0.169144,4.7587E+12
-0.7,763,0.387508,0.558567,0.658671,0.115204,5.22022E+12
-0.6,763,0.353328,0.522161,0.626185,0.064841,5.68044E+12
-0.5,763,0.321462,0.486525,0.593415,0.019372,6.13462E+12
-0.4,763,0.292178,0.452226,0.560708,-0.01982,6.5789E+12
-0.3,763,0.265677,0.419819,0.52844,-0.051372,7.01054E+12
-0.2,763,0.242089,0.389809,0.496998,-0.074088,7.42795E+12
-0.1,763,0.221462,0.362618,0.466766,-0.087109,7.83072E+12
0,763,0.203771,0.338554,0.438102,-0.090093,8.21952E+12
0.1,763,0.18891,0.317787,0.411326,-0.083367,8.5959E+12
0.2,763,0.176712,0.300349,0.3867,-0.067997,8.96213E+12
0.3,763,0.166951,0.286133,0.364416,-0.045739,9.32094E+12
0.4,763,0.159362,0.274913,0.344587,-0.01886,9.67534E+12
0.5,763,0.153651,0.266374,0.327246,0.010143,1.00284E+13
0.6,763,0.149515,0.260136,0.312347,0.038859,1.0383E+13
0.7,763,0.146651,0.25579,0.299773,0.065246,1.07419E+13
0.8,763,0.144769,0.252922,0.289347,0.087813,1.11076E+13
0.9,763,0.143602,0.25114,0.280846,0.105685,1.1482E+13
1,763,0.142912,0.250085,0.274021,0.118552,1.18666E+13
1.1,763,0.142494,0.249444,0.268602,0.126553,1.22628E+13
1.2,763,0.142176,0.248956,0.264322,0.130127,1.26713E+13
1.3,763,0.141819,0.248409,0.26092,0.129874,1.30924E+13
1.4,763,0.141318,0.24764,0.258155,0.12645,1.35262E+13
1.5,763,0.140596,0.246531,0.25581,0.12049,1.39724E+13
1.6,763,0.139601,0.245,0.253697,0.112568,1.44304E+13
1.7,763,0.138303,0.242999,0.251656,0.103177,1.48994E+13
1.8,763,0.13669,0.240505,0.249559,0.092727,1.53784E+13
1.9,763,0.134762,0.237516,0.247303,0.081549,1.58662E+13
2,763,0.132534,0.234049,0.244815,0.069907,1.63615E+13
,,,,,,
-3,773,1.088957,1.042584,1.042584,1.075767,48536206355
-2.9,773,1.079317,1.038146,1.041536,1.061189,62294007385
-2.8,773,1.067165,1.032491,1.038957,1.043848,79747167404
-2.7,773,1.052488,1.025573,1.034976,1.023692,1.0177E+11
-2.6,773,1.035288,1.017338,1.029657,1.000683,1.29393E+11
-2.5,773,1.015584,1.007732,1.023024,0.974796,1.63806E+11
-2.4,773,0.993416,0.996697,1.015073,0.946024,2.06364E+11
-2.3,773,0.968844,0.984176,1.005787,0.91438,2.58571E+11
-2.2,773,0.941954,0.970109,0.995138,0.879901,3.22053E+11
-2.1,773,0.912857,0.954444,0.983093,0.842653,3.98524E+11
-2,773,0.881697,0.93713,0.969619,0.802736,4.8972E+11
-1.9,773,0.848648,0.918128,0.954685,0.760291,5.97323E+11
-1.8,773,0.81392,0.897416,0.938267,0.715509,7.22873E+11
-1.7,773,0.777759,0.874988,0.920351,0.668635,8.67665E+11
-1.6,773,0.740448,0.85087,0.900935,0.619981,1.03265E+12
-1.5,773,0.702302,0.82512,0.880039,0.569928,1.21833E+12
-1.4,773,0.663671,0.797839,0.857702,0.51894,1.42471E+12
-1.3,773,0.624928,0.769176,0.833992,0.467566,1.65124E+12
-1.2,773,0.586466,0.739336,0.809011,0.416443,1.89684E+12
-1.1,773,0.548685,0.708582,0.782892,0.366293,2.1599E+12
-1,773,0.51198,0.677231,0.755807,0.317917,2.43845E+12
-0.9,773,0.47673,0.645657,0.727966,0.272173,2.73025E+12
-0.8,773,0.443282,0.61427,0.699614,0.229945,3.03295E+12
-0.7,773,0.411937,0.583506,0.671026,0.192103,3.34427E+12
-0.6,773,0.382941,0.553807,0.6425,0.159438,3.66216E+12
-0.5,773,0.356473,0.525588,0.61435,0.132597,3.98492E+12
-0.4,773,0.33264,0.49922,0.58689,0.112006,4.3113E+12
-0.3,773,0.311478,0.475003,0.56042,0.097806,4.64056E+12
-0.2,773,0.292949,0.453148,0.535218,0.089805,4.97249E+12
-0.1,773,0.276948,0.433765,0.51152,0.087467,5.30732E+12
0,773,0.263315,0.416864,0.489514,0.089941,5.64574E+12
0.1,773,0.251844,0.402356,0.469331,0.096136,5.98873E+12
0.2,773,0.242293,0.390074,0.451039,0.104826,6.33752E+12
0.3,773,0.234405,0.379786,0.434645,0.114768,6.69349E+12
0.4,773,0.22791,0.371216,0.420098,0.12482,7.05805E+12
0.5,773,0.222544,0.364067,0.407297,0.134021,7.43258E+12
0.6,773,0.218058,0.358041,0.396097,0.141651,7.81834E+12
0.7,773,0.214219,0.35285,0.386323,0.147237,8.21643E+12
0.8,773,0.210823,0.348231,0.377783,0.150537,8.62776E+12
0.9,773,0.207694,0.343951,0.370271,0.151501,9.053E+12
1,773,0.204684,0.339814,0.363587,0.150219,9.49257E+12
1.1,773,0.201676,0.335658,0.357535,0.14688,9.94663E+12
1.2,773,0.198579,0.331357,0.351936,0.141724,1.04151E+13
1.3,773,0.195328,0.326819,0.34663,0.135012,1.08977E+13
1.4,773,0.191879,0.321978,0.341479,0.127007,1.13938E+13
1.5,773,0.188209,0.316794,0.336365,0.117954,1.19027E+13
1.6,773,0.184307,0.311249,0.331195,0.108079,1.24234E+13
1.7,773,0.180178,0.305341,0.325895,0.09758,1.29549E+13
1.8,773,0.175834,0.29908,0.320414,0.086627,1.34958E+13
1.9,773,0.171296,0.292489,0.314715,0.075368,1.4045E+13
2,773,0.166586,0.285596,0.308777,0.063928,1.46008E+13
