-3,573,0.055779,0.105664,0.105664,0.028706,7.42431E+12
-2.9,573,0.055435,0.105047,0.105678,0.030358,7.51992E+12
-2.8,573,0.05513,0.104499,0.105563,0.032801,7.61619E+12
-2.7,573,0.054874,0.10404,0.105364,0.036156,7.7132E+12
-2.6,573,0.054682,0.103693,0.105122,0.040556,7.81105E+12
-2.5,573,0.054565,0.103484,0.104874,0.046132,7.90986E+12
-2.4,573,0.054542,0.103442,0.104654,0.053007,8.0098E+12
-2.3,573,0.054628,0.103597,0.104495,0.06128,8.11108E+12
-2.2,573,0.054844,0.103984,0.104433,0.07101,8.21393E+12
-2.1,573,0.055208,0.10464,0.1045,0.082191,8.31867E+12
-2,573,0.055743,0.105599,0.104732,0.094727,8.42563E+12
-1.9,573,0.056466,0.106896,0.105164,0.108406,8.53522E+12
-1.8,573,0.057395,0.10856,0.105829,0.122874,8.64792E+12
-1.7,573,0.058543,0.110611,0.106761,0.13762,8.76424E+12
-1.6,573,0.059914,0.113055,0.107989,0.151974,8.88474E+12
-1.5,573,0.061502,0.115878,0.109533,0.165122,9.01001E+12
-1.4,573,0.063286,0.119039,0.111406,0.176143,9.14064E+12
-1.3,573,0.065227,0.122466,0.113602,0.184065,9.2772E+12
-1.2,573,0.067264,0.126049,0.116099,0.187943,9.42016E+12
-1.1,573,0.069314,0.129642,0.118849,0.186937,9.56987E+12
-1,573,0.071273,0.133062,0.121777,0.180401,9.72649E+12
-0.9,573,0.07302,0.136101,0.124781,0.167947,9.8899E+12
-0.8,573,0.074426,0.138541,0.127732,0.149499,1.00597E+13
-0.7,573,0.075366,0.140168,0.130479,0.125316,1.02352E+13
-0.6,573,0.075732,0.140801,0.132862,0.095986,1.04152E+13
-0.5,573,0.075446,0.140307,0.13472,0.062393,1.05983E+13
-0.4,573,0.074473,0.138623,0.135908,0.025662,1.0783E+13
-0.3,573,0.072822,0.135758,0.136308,-0.012923,1.09674E+13
-0.2,573,0.070548,0.131799,0.135844,-0.052003,1.11497E+13
-0.1,573,0.067744,0.126892,0.134485,-0.090236,1.13282E+13
0,573,0.064528,0.121233,0.132247,-0.126383,1.15015E+13
0.1,573,0.061029,0.115037,0.129189,-0.159386,1.16682E+13
0.2,573,0.057377,0.108527,0.125405,-0.188415,1.18276E+13
0.3,573,0.053689,0.101907,0.121018,-0.212904,1.19789E+13
0.4,573,0.050063,0.095353,0.116159,-0.232559,1.21218E+13
0.5,573,0.046576,0.089006,0.110967,-0.247343,1.22565E+13
0.6,573,0.04328,0.08297,0.105573,-0.257445,1.2383E+13
0.7,573,0.04021,0.077312,0.100096,-0.263235,1.25016E+13
0.8,573,0.037382,0.07207,0.094642,-0.265219,1.26129E+13
0.9,573,0.034799,0.067257,0.089294,-0.263982,1.27174E+13
1,573,0.032453,0.062866,0.08412,-0.260144,1.28155E+13
1.1,573,0.030333,0.058879,0.079169,-0.25432,1.29078E+13
1.2,573,0.02842,0.055269,0.074475,-0.247085,1.29947E+13
1.3,573,0.026695,0.052002,0.070058,-0.238952,1.30769E+13
1.4,573,0.02514,0.049047,0.065926,-0.230362,1.31546E+13
1.5,573,0.023735,0.046369,0.06208,-0.221672,1.32284E+13
1.6,573,0.022462,0.043938,0.058513,-0.213164,1.32985E+13
1.7,573,0.021306,0.041723,0.055214,-0.205045,1.33653E+13
1.8,573,0.020251,0.039699,0.052168,-0.197458,1.34291E+13
1.9,573,0.019285,0.037841,0.049358,-0.19049,1.349E+13
2,573,0.018397,0.036129,0.046766,-0.184187,1.35484E+13
,,,,,,
-3,583,0.05854,0.110605,0.110605,0.029634,6.9414E+12
-2.9,583,0.058127,0.109868,0.110609,0.029539,7.03521E+12
-2.8,583,0.05773,0.109159,0.110456,0.030038,7.12961E+12
-2.7,583,0.057358,0.108493,0.110186,0.031222,7.22464E+12
-2.6,583,0.05702,0.107888,0.109837,0.033194,7.32034E+12
-2.5,583,0.056728,0.107366,0.109442,0.036068,7.41677E+12
-2.4,583,0.056495,0.106948,0.109032,0.039962,7.51403E+12
-2.3,583,0.056335,0.10666,0.108635,0.045001,7.61221E+12
-2.2,583,0.056263,0.106532,0.10828,0.051299,7.71149E+12
-2.1,583,0.056297,0.106593,0.107997,0.058956,7.81203E+12
-2,583,0.056455,0.106877,0.107815,0.068038,7.91408E+12
-1.9,583,0.056758,0.10742,0.107765,0.078559,8.0179E+12
-1.8,583,0.057226,0.108258,0.10788,0.090457,8.12382E+12
-1.7,583,0.057879,0.109425,0.108192,0.103565,8.23222E+12
-1.6,583,0.058735,0.110954,0.108735,0.117593,8.34355E+12
-1.5,583,0.059809,0.112867,0.109542,0.132104,8.4583E+12
-1.4,583,0.061107,0.115176,0.110641,0.146507,8.577E+12
-1.3,583,0.062629,0.117875,0.112057,0.160064,8.70024E+12
-1.2,583,0.064359,0.120935,0.113804,0.171914,8.8286E+12
-1.1,583,0.066267,0.124296,0.115884,0.181126,8.96266E+12
-1,583,0.068298,0.127864,0.118282,0.186756,9.10293E+12
-0.9,583,0.070381,0.131506,0.120958,0.187933,9.24983E+12
-0.8,583,0.072417,0.135054,0.12385,0.183937,9.4036E+12
-0.7,583,0.074292,0.138309,0.126865,0.174274,9.56425E+12
-0.6,583,0.075879,0.141055,0.129883,0.15874,9.73153E+12
-0.5,583,0.077048,0.143073,0.132763,0.137451,9.90485E+12
-0.4,583,0.077683,0.144167,0.135345,0.110856,1.00833E+13
-0.3,583,0.077692,0.144182,0.137468,0.079712,1.02656E+13
-0.2,583,0.07702,0.143025,0.138977,0.045042,1.04503E+13
-0.1,583,0.075659,0.140674,0.139743,0.008062,1.06357E+13
0,583,0.073644,0.137186,0.13967,-0.029902,1.082E+13
0.1,583,0.071055,0.132683,0.138709,-0.067507,1.10014E+13
0.2,583,0.068,0.127341,0.136856,-0.103479,1.11785E+13
0.3,583,0.064607,0.121372,0.134154,-0.136698,1.13498E+13
0.4,583,0.061005,0.114994,0.130683,-0.166259,1.15144E+13
0.5,583,0.057318,0.108422,0.126554,-0.191513,1.16714E+13
0.6,583,0.053653,0.101842,0.121897,-0.212082,1.18206E+13
0.7,583,0.050095,0.09541,0.116848,-0.227855,1.19616E+13
0.8,583,0.046707,0.089245,0.111541,-0.238961,1.20947E+13
0.9,583,0.04353,0.083428,0.106101,-0.245726,1.22201E+13
1,583,0.040587,0.078009,0.100638,-0.248625,1.23382E+13
1.1,583,0.037887,0.073009,0.095246,-0.248229,1.24493E+13
1.2,583,0.035427,0.068429,0.089997,-0.245155,1.25541E+13
1.3,583,0.033195,0.064257,0.084949,-0.240018,1.26529E+13
1.4,583,0.031176,0.060467,0.08014,-0.233403,1.27464E+13
1.5,583,0.029352,0.057029,0.075597,-0.225835,1.28349E+13
1.6,583,0.027703,0.053912,0.071331,-0.217763,1.2919E+13
1.7,583,0.02621,0.051081,0.067348,-0.209557,1.29989E+13
1.8,583,0.024856,0.048505,0.063643,-0.201505,1.30751E+13
1.9,583,0.023622,0.046155,0.060205,-0.193819,1.31479E+13
2,583,0.022496,0.044001,0.057023,-0.186648,1.32175E+13
,,,,,,
-3,593,0.06184,0.116477,0.116477,0.039417,6.45931E+12
-2.9,593,0.06147,0.115821,0.116499,0.037486,6.55162E+12
-2.8,593,0.061086,0.115138,0.116369,0.035948,6.64467E+12
-2.7,593,0.060694,0.114441,0.116117,0.034877,6.73843E+12
-2.6,593,0.060302,0.113745,0.115767,0.034358,6.8329E+12
-2.5,593,0.059921,0.113066,0.115343,0.034488,6.92807E+12
-2.4,593,0.05956,0.112424,0.114868,0.035374,7.02397E+12
-2.3,593,0.059232,0.111839,0.114362,0.03713,7.12063E+12
-2.2,593,0.05895,0.111336,0.113848,0.039883,7.21812E+12
-2.1,593,0.058728,0.11094,0.113348,0.043759,7.31652E+12
-2,593,0.058583,0.110682,0.112887,0.048883,7.41595E+12
-1.9,593,0.058533,0.110593,0.112489,0.055369,7.51658E+12
-1.8,593,0.058597,0.110707,0.112183,0.063301,7.61859E+12
-1.7,593,0.058797,0.111063,0.111997,0.072722,7.72223E+12
-1.6,593,0.059152,0.111697,0.111962,0.083609,7.82781E+12
-1.5,593,0.059686,0.112648,0.112112,0.095845,7.93565E+12
-1.4,593,0.060417,0.113949,0.112479,0.109203,8.04618E+12
-1.3,593,0.061362,0.115629,0.113097,0.123312,8.15986E+12
-1.2,593,0.062533,0.117706,0.113998,0.137656,8.27719E+12
-1.1,593,0.063934,0.120184,0.115209,0.151563,8.39874E+12
-1,593,0.065555,0.123043,0.116749,0.164227,8.52508E+12
-0.9,593,0.067371,0.126238,0.118628,0.174746,8.65679E+12
-0.8,593,0.069341,0.129689,0.120836,0.182176,8.79443E+12
-0.7,593,0.071398,0.133281,0.123347,0.185608,8.93844E+12
-0.6,593,0.073456,0.136858,0.126108,0.184249,9.08917E+12
-0.5,593,0.075404,0.140234,0.129039,0.177499,9.24672E+12
-0.4,593,0.077121,0.143198,0.132031,0.165021,9.411E+12
-0.3,593,0.078475,0.14553,0.134951,0.146788,9.58157E+12
-0.2,593,0.079344,0.147022,0.137646,0.123104,9.75768E+12
-0.1,593,0.079622,0.1475,0.139954,0.094597,9.93827E+12
0,593,0.079239,0.146842,0.141716,0.062178,1.0122E+13
0.1,593,0.078165,0.144996,0.142789,0.026986,1.03072E+13
0.2,593,0.076419,0.141987,0.143065,-0.009694,1.04922E+13
0.3,593,0.074062,0.13791,0.142472,-0.046523,1.06753E+13
0.4,593,0.071192,0.13292,0.140989,-0.082198,1.0855E+13
0.5,593,0.067929,0.127216,0.138638,-0.115542,1.10297E+13
0.6,593,0.064405,0.121015,0.135485,-0.145569,1.11983E+13
0.7,593,0.060745,0.114533,0.131629,-0.171543,1.136E+13
0.8,593,0.057065,0.107969,0.127193,-0.192996,1.15142E+13
0.9,593,0.053459,0.101492,0.12231,-0.209735,1.16608E+13
1,593,0.049997,0.095233,0.117116,-0.221818,1.17996E+13
1.1,593,0.046731,0.089289,0.11174,-0.229518,1.19308E+13
1.2,593,0.043689,0.083721,0.106297,-0.233277,1.20547E+13
1.3,593,0.040887,0.078561,0.100887,-0.233645,1.21718E+13
1.4,593,0.038324,0.073818,0.095591,-0.231233,1.22826E+13
1.5,593,0.035992,0.069484,0.090471,-0.226663,1.23874E+13
1.6,593,0.033879,0.065537,0.085573,-0.22053,1.24868E+13
1.7,593,0.031966,0.061951,0.080928,-0.213374,1.25812E+13
1.8,593,0.030234,0.058693,0.076553,-0.205662,1.26711E+13
1.9,593,0.028664,0.05573,0.072455,-0.197775,1.27568E+13
2,593,0.027237,0.05303,0.068634,-0.190016,1.28387E+13
,,,,,,
-3,603,0.06451,0.121202,0.121202,0.058708,5.97491E+12
-2.9,603,0.064366,0.120947,0.121281,0.055763,6.06422E+12
-2.8,603,0.064181,0.120621,0.121278,0.052989,6.15462E+12
-2.7,603,0.06396,0.12023,0.121196,0.050438,6.24608E+12
-2.6,603,0.063708,0.119785,0.121039,0.048171,6.33854E+12
-2.5,603,0.063432,0.119297,0.120813,0.046258,6.43197E+12
-2.4,603,0.063138,0.118777,0.120525,0.04478,6.52635E+12
-2.3,603,0.062836,0.118241,0.120184,0.04383,6.62165E+12
-2.2,603,0.062534,0.117708,0.1198,0.043511,6.71787E+12
-2.1,603,0.062245,0.117196,0.119384,0.043941,6.81503E+12
-2,603,0.061981,0.116728,0.118952,0.045245,6.91315E+12
-1.9,603,0.061757,0.11633,0.11852,0.047559,7.01229E+12
-1.8,603,0.061589,0.116032,0.118106,0.05102,7.11254E+12
-1.7,603,0.061495,0.115865,0.117732,0.055758,7.214E+12
-1.6,603,0.061495,0.115865,0.117423,0.061889,7.31684E+12
-1.5,603,0.06161,0.116068,0.117205,0.069494,7.42125E+12
-1.4,603,0.061862,0.116516,0.117108,0.078601,7.52748E+12
-1.3,603,0.062274,0.117247,0.117164,0.089165,7.63584E+12
-1.2,603,0.062868,0.1183,0.117407,0.101034,7.74667E+12
-1.1,603,0.063665,0.119708,0.117871,0.113933,7.86039E+12
-1,603,0.064679,0.121499,0.118589,0.127436,7.97748E+12
-0.9,603,0.065918,0.123683,0.119594,0.140965,8.09845E+12
-0.8,603,0.067381,0.126255,0.120909,0.153791,8.22385E+12
-0.7,603,0.069051,0.129182,0.12255,0.16506,8.35425E+12
-0.6,603,0.070895,0.132403,0.124519,0.173846,8.4902E+12
-0.5,603,0.072857,0.135819,0.126797,0.179213,8.6322E+12
-0.4,603,0.074861,0.139294,0.129347,0.180294,8.78062E+12
-0.3,603,0.076805,0.142654,0.1321,0.176379,8.9357E+12
-0.2,603,0.078573,0.145699,0.134963,0.166987,9.09742E+12
-0.1,603,0.080037,0.148212,0.137813,0.151932,9.26551E+12
0,603,0.081068,0.149978,0.140506,0.131352,9.4394E+12
0.1,603,0.081553,0.150808,0.142883,0.105717,9.61817E+12
0.2,603,0.081407,0.150557,0.144785,0.075809,9.80061E+12
0.3,603,0.080581,0.149143,0.146062,0.042667,9.98526E+12
0.4,603,0.079074,0.146559,0.14659,0.007516,1.01705E+13
0.5,603,0.076931,0.14287,0.146283,-0.028326,1.03547E+13
0.6,603,0.074235,0.13821,0.145098,-0.063536,1.05361E+13
0.7,603,0.071099,0.132759,0.14304,-0.096881,1.07134E+13
0.8,603,0.067652,0.12673,0.140158,-0.127298,1.08853E+13
0.9,603,0.064021,0.120338,0.136538,-0.153955,1.10508E+13
1,603,0.060328,0.113792,0.132295,-0.176285,1.12093E+13
1.1,603,0.056675,0.10727,0.127556,-0.193997,1.13604E+13
1.2,603,0.053141,0.10092,0.122458,-0.207068,1.1504E+13
1.3,603,0.049786,0.094851,0.117132,-0.215705,1.16403E+13
1.4,603,0.046647,0.089137,0.111699,-0.220301,1.17693E+13
1.5,603,0.043744,0.083821,0.106264,-0.221381,1.18916E+13
1.6,603,0.041081,0.078919,0.100914,-0.219544,1.20075E+13
1.7,603,0.038654,0.07443,0.09572,-0.215419,1.21175E+13
1.8,603,0.03645,0.070336,0.090732,-0.209613,1.22221E+13
1.9,603,0.034453,0.066612,0.085987,-0.202685,1.23216E+13
2,603,0.032645,0.063226,0.081506,-0.195124,1.24166E+13
,,,,,,
-3,613,0.065306,0.122606,0.122606,0.080829,5.50176E+12
-2.9,613,0.065497,0.122941,0.122763,0.07783,5.58528E+12
-2.8,613,0.065637,0.123189,0.122948,0.074864,5.67027E+12
-2.7,613,0.06573,0.123352,0.123135,0.07196,5.75671E+12
-2.6,613,0.065776,0.123433,0.123307,0.06915,5.84454E+12
-2.5,613,0.065779,0.123438,0.123449,0.066477,5.93375E+12
-2.4,613,0.065742,0.123373,0.123552,0.06399,6.02429E+12
-2.3,613,0.06567,0.123246,0.12361,0.061745,6.11613E+12
-2.2,613,0.065568,0.123066,0.12362,0.059812,6.20923E+12
-2.1,613,0.065443,0.122846,0.123584,0.058268,6.30359E+12
-2,613,0.065303,0.1226,0.123502,0.057206,6.39918E+12
-1.9,613,0.065158,0.122344,0.123383,0.056728,6.496E+12
-1.8,613,0.065019,0.122099,0.123235,0.05695,6.59406E+12
-1.7,613,0.064899,0.121887,0.123068,0.057997,6.69341E+12
-1.6,613,0.064812,0.121735,0.122898,0.060002,6.79409E+12
-1.5,613,0.064776,0.121671,0.122741,0.063099,6.89619E+12
-1.4,613,0.064809,0.121729,0.122619,0.067416,6.99982E+12
-1.3,613,0.064932,0.121945,0.122554,0.073058,7.10515E+12
-1.2,613,0.065165,0.122357,0.122574,0.080097,7.21236E+12
-1.1,613,0.065534,0.123006,0.122708,0.088543,7.32171E+12
-1,613,0.066059,0.123932,0.122989,0.098328,7.4335E+12
-0.9,613,0.066764,0.12517,0.12345,0.109272,7.54808E+12
-0.8,613,0.067665,0.126753,0.124124,0.121064,7.66588E+12
-0.7,613,0.068776,0.128701,0.125045,0.133245,7.78734E+12
-0.6,613,0.0701,0.131017,0.126241,0.145202,7.91299E+12
-0.5,613,0.07163,0.133683,0.127731,0.156182,8.04334E+12
-0.4,613,0.073338,0.136655,0.129525,0.165322,8.17893E+12
-0.3,613,0.075182,0.139851,0.131616,0.171707,8.32026E+12
-0.2,613,0.077095,0.143154,0.133976,0.174442,8.46773E+12
-0.1,613,0.078987,0.146409,0.136551,0.172734,8.62164E+12
0,613,0.080748,0.149431,0.139261,0.165974,8.78206E+12
0.1,613,0.082256,0.152009,0.141999,0.153812,8.94884E+12
0.2,613,0.083382,0.153929,0.14463,0.136205,9.12153E+12
0.3,613,0.084006,0.154991,0.147004,0.113442,9.29939E+12
0.4,613,0.08403,0.155033,0.148963,0.086138,9.48135E+12
0.5,613,0.083392,0.153946,0.150354,0.055198,9.66606E+12
0.6,613,0.082072,0.151694,0.151044,0.021749,9.85202E+12
0.7,613,0.080096,0.148312,0.150932,-0.01294,1.00376E+13
0.8,613,0.077534,0.14391,0.149959,-0.047552,1.02211E+13
0.9,613,0.074488,0.138649,0.148112,-0.08082,1.04012E+13
1,613,0.071083,0.132732,0.145424,-0.11161,1.05764E+13
1.1,613,0.067449,0.126375,0.141968,-0.138995,1.07457E+13
1.2,613,0.063711,0.11979,0.137847,-0.162301,1.09084E+13
1.3,613,0.059979,0.11317,0.133187,-0.181131,1.10639E+13
1.4,613,0.056342,0.106674,0.128122,-0.195358,1.12122E+13
1.5,613,0.052868,0.100427,0.122785,-0.205104,1.13532E+13
1.6,613,0.049602,0.094517,0.117301,-0.210695,1.1487E+13
1.7,613,0.04657,0.088996,0.111784,-0.212612,1.1614E+13
1.8,613,0.043783,0.083892,0.106327,-0.211431,1.17347E+13
1.9,613,0.041238,0.079209,0.101006,-0.207774,1.18493E+13
2,613,0.038925,0.074934,0.09588,-0.202259,1.19585E+13
,,,,,,
-3,623,0.063816,0.119976,0.119976,0.10061,5.05965E+12
-2.9,623,0.064338,0.120898,0.120206,0.098005,5.13492E+12
-2.8,623,0.064816,0.12174,0.120577,0.095377,5.21191E+12
-2.7,623,0.065247,0.122501,0.121041,0.092738,5.2906E+12
-2.6,623,0.065633,0.123181,0.121559,0.090107,5.37097E+12
-2.5,623,0.065973,0.123781,0.122104,0.087505,5.45302E+12
-2.4,623,0.066269,0.124301,0.12265,0.08496,5.53673E+12
-2.3,623,0.066522,0.124746,0.123182,0.082502,5.62206E+12
-2.2,623,0.066734,0.125118,0.123685,0.080172,5.70901E+12
-2.1,623,0.066908,0.125424,0.124152,0.078013,5.79756E+12
-2,623,0.067048,0.125669,0.124575,0.076083,5.88769E+12
-1.9,623,0.067159,0.125865,0.124954,0.074443,5.97939E+12
-1.8,623,0.067247,0.12602,0.125287,0.07317,6.07265E+12
-1.7,623,0.067321,0.126149,0.125577,0.072349,6.16748E+12
-1.6,623,0.067389,0.126268,0.12583,0.072078,6.26389E+12
-1.5,623,0.067461,0.126396,0.126054,0.072464,6.3619E+12
-1.4,623,0.067552,0.126555,0.12626,0.073624,6.46156E+12
-1.3,623,0.067675,0.126771,0.126463,0.075678,6.56295E+12
-1.2,623,0.067848,0.127074,0.126678,0.078747,6.66616E+12
-1.1,623,0.068088,0.127495,0.126926,0.082938,6.77131E+12
-1,623,0.068416,0.128071,0.127231,0.088337,6.87858E+12
-0.9,623,0.068854,0.128838,0.127618,0.094985,6.98818E+12
-0.8,623,0.069424,0.129835,0.128117,0.102864,7.10035E+12
-0.7,623,0.070148,0.131099,0.128758,0.111867,7.21542E+12
-0.6,623,0.071044,0.132663,0.129575,0.121777,7.33374E+12
-0.5,623,0.072128,0.134552,0.130598,0.132247,7.45572E+12
-0.4,623,0.073408,0.136775,0.131856,0.142787,7.58182E+12
-0.3,623,0.074879,0.139326,0.133372,0.152764,7.71253E+12
-0.2,623,0.076525,0.142171,0.13516,0.161421,7.84835E+12
-0.1,623,0.078311,0.145247,0.137218,0.167917,7.98976E+12
0,623,0.080178,0.148453,0.139529,0.171388,8.13718E+12
0.1,623,0.082048,0.151653,0.142049,0.171015,8.29092E+12
0.2,623,0.08382,0.154676,0.144712,0.166115,8.45114E+12
0.3,623,0.085377,0.157323,0.147421,0.15621,8.61777E+12
0.4,623,0.086592,0.159383,0.150054,0.141096,8.79048E+12
0.5,623,0.087342,0.160652,0.15247,0.120883,8.96865E+12
0.6,623,0.08752,0.160953,0.154514,0.096005,9.15134E+12
0.7,623,0.087049,0.160156,0.156033,0.067203,9.33734E+12
0.8,623,0.085892,0.158196,0.156886,0.03547,9.52521E+12
0.9,623,0.084059,0.155082,0.156962,0.001986,9.71336E+12
1,623,0.081605,0.150895,0.156186,-0.03198,9.90017E+12
1.1,623,0.07862,0.145779,0.154528,-0.065157,1.00841E+13
1.2,623,0.075225,0.139924,0.152006,-0.096371,1.02638E+13
1.3,623,0.071548,0.133542,0.148678,-0.12462,1.0438E+13
1.4,623,0.067721,0.126852,0.144639,-0.149132,1.06059E+13
1.5,623,0.063861,0.120055,0.140008,-0.169397,1.07669E+13
1.6,623,0.060067,0.113327,0.134919,-0.185178,1.09208E+13
1.7,623,0.056417,0.106808,0.129506,-0.196492,1.10673E+13
1.8,623,0.052965,0.100602,0.123902,-0.203574,1.12066E+13
1.9,623,0.049745,0.094776,0.118225,-0.206834,1.13391E+13
2,623,0.046774,0.089368,0.112578,-0.206797,1.14649E+13
,,,,,,
-3,633,0.060333,0.113799,0.113799,0.116571,4.66338E+12
-2.9,633,0.061118,0.115196,0.114083,0.11444,4.72913E+12
-2.8,633,0.06187,0.11653,0.114602,0.112269,4.79665E+12
-2.7,633,0.062587,0.117801,0.115291,0.110064,4.86596E+12
-2.6,633,0.063267,0.119006,0.116099,0.107834,4.93705E+12
-2.5,633,0.06391,0.120142,0.116986,0.105592,5.00995E+12
-2.4,633,0.064515,0.12121,0.11792,0.103351,5.08464E+12
-2.3,633,0.065081,0.122209,0.118876,0.101129,5.16115E+12
-2.2,633,0.065609,0.123139,0.119833,0.098947,5.23945E+12
-2.1,633,0.066098,0.124001,0.120777,0.096833,5.31957E+12
-2,633,0.066551,0.124797,0.121696,0.094816,5.40149E+12
-1.9,633,0.06697,0.125532,0.12258,0.092936,5.48522E+12
-1.8,633,0.067356,0.12621,0.123426,0.091237,5.57076E+12
-1.7,633,0.067714,0.126839,0.124229,0.089773,5.65811E+12
-1.6,633,0.068048,0.127425,0.124989,0.088604,5.74729E+12
-1.5,633,0.068365,0.127981,0.125707,0.087803,5.83831E+12
-1.4,633,0.068673,0.12852,0.126388,0.087451,5.93119E+12
-1.3,633,0.06898,0.129057,0.127037,0.08764,6.02597E+12
-1.2,633,0.069297,0.129611,0.127664,0.088467,6.1227E+12
-1.1,633,0.069636,0.130205,0.128279,0.090038,6.22146E+12
-1,633,0.070013,0.130865,0.128898,0.092459,6.32233E+12
-0.9,633,0.070445,0.131618,0.129537,0.095828,6.42544E+12
-0.8,633,0.070949,0.132497,0.130216,0.100229,6.53093E+12
-0.7,633,0.071545,0.133536,0.130959,0.105712,6.639E+12
-0.6,633,0.072254,0.13477,0.131792,0.112284,6.74988E+12
-0.5,633,0.073097,0.136236,0.132743,0.119878,6.86386E+12
-0.4,633,0.074094,0.137965,0.133841,0.128341,6.98125E+12
-0.3,633,0.075259,0.139984,0.135116,0.137407,7.10244E+12
-0.2,633,0.076604,0.142307,0.136597,0.146684,7.22785E+12
-0.1,633,0.078128,0.144933,0.138306,0.155645,7.35793E+12
0,633,0.07982,0.14784,0.140259,0.163642,7.49315E+12
0.1,633,0.081651,0.150975,0.142461,0.169923,7.634E+12
0.2,633,0.083572,0.154253,0.144898,0.173688,7.78088E+12
0.3,633,0.085513,0.157554,0.147537,0.174141,7.93416E+12
0.4,633,0.087382,0.16072,0.15032,0.170572,8.09403E+12
0.5,633,0.089066,0.163564,0.153161,0.16243,8.26052E+12
0.6,633,0.090442,0.165882,0.15595,0.149393,8.43341E+12
0.7,633,0.091384,0.167465,0.158551,0.131421,8.61218E+12
0.8,633,0.091777,0.168124,0.160816,0.108783,8.79604E+12
0.9,633,0.091531,0.167712,0.162589,0.082054,8.9839E+12
1,633,0.090594,0.166136,0.163725,0.052079,9.1744E+12
1.1,633,0.088955,0.163377,0.1641,0.019918,9.36601E+12
1.2,633,0.086654,0.159488,0.163626,-0.013238,9.55714E+12
1.3,633,0.083769,0.154589,0.162256,-0.046161,9.74618E+12
1.4,633,0.080411,0.148853,0.159989,-0.077672,9.93167E+12
1.5,633,0.076709,0.142489,0.156869,-0.10673,1.01123E+13
1.6,633,0.072797,0.135714,0.152979,-0.132496,1.02871E+13
1.7,633,0.068799,0.128741,0.148432,-0.154375,1.04554E+13
1.8,633,0.064825,0.121758,0.143356,-0.172029,1.06166E+13
1.9,633,0.060964,0.114922,0.13789,-0.185375,1.07705E+13
2,633,0.057281,0.108355,0.132169,-0.194552,1.09172E+13
,,,,,,
-3,643,0.055426,0.105031,0.105031,0.129017,4.31958E+12
-2.9,643,0.056386,0.106752,0.105346,0.127312,4.37563E+12
-2.8,643,0.057326,0.108435,0.105963,0.125564,4.43338E+12
-2.7,643,0.058243,0.110075,0.106806,0.123777,4.49285E+12
-2.6,643,0.059137,0.11167,0.107818,0.121957,4.55407E+12
-2.5,643,0.060006,0.113218,0.108953,0.120108,4.61705E+12
-2.4,643,0.060847,0.114714,0.110173,0.11824,4.68183E+12
-2.3,643,0.061661,0.116159,0.111448,0.116362,4.74842E+12
-2.2,643,0.062445,0.117549,0.112755,0.114487,4.81683E+12
-2.1,643,0.063199,0.118884,0.114075,0.112629,4.8871E+12
-2,643,0.063922,0.120164,0.115393,0.110807,4.95923E+12
-1.9,643,0.064616,0.121388,0.116698,0.109044,5.03324E+12
-1.8,643,0.065279,0.122558,0.117979,0.107367,5.10916E+12
-1.7,643,0.065915,0.123677,0.119232,0.105808,5.18698E+12
-1.6,643,0.066523,0.124748,0.12045,0.104405,5.26675E+12
-1.5,643,0.067108,0.125776,0.121632,0.103205,5.34848E+12
-1.4,643,0.067673,0.126768,0.122777,0.10226,5.43218E+12
-1.3,643,0.068223,0.127733,0.123886,0.101631,5.51791E+12
-1.2,643,0.068765,0.128681,0.124962,0.101389,5.60569E+12
-1.1,643,0.069305,0.129627,0.126011,0.101612,5.69557E+12
-1,643,0.069854,0.130586,0.127039,0.102384,5.78761E+12
-0.9,643,0.070422,0.131579,0.128057,0.103798,5.8819E+12
-0.8,643,0.071023,0.132627,0.129077,0.105946,5.97853E+12
-0.7,643,0.071671,0.133756,0.130113,0.108918,6.07762E+12
-0.6,643,0.072383,0.134995,0.131184,0.11279,6.17933E+12
-0.5,643,0.073177,0.136375,0.13231,0.117615,6.28383E+12
-0.4,643,0.074073,0.13793,0.133515,0.12341,6.39135E+12
-0.3,643,0.075091,0.139693,0.134824,0.130133,6.50215E+12
-0.2,643,0.076249,0.141695,0.136265,0.137672,6.61654E+12
-0.1,643,0.077565,0.143963,0.137866,0.145815,6.73488E+12
0,643,0.079049,0.146516,0.139654,0.154242,6.85757E+12
0.1,643,0.080705,0.149356,0.141652,0.162512,6.98504E+12
0.2,643,0.082526,0.152469,0.143877,0.170064,7.11776E+12
0.3,643,0.084488,0.155812,0.146338,0.176232,7.2562E+12
0.4,643,0.086552,0.159315,0.149025,0.180284,7.40079E+12
0.5,643,0.088654,0.162869,0.151913,0.181465,7.55191E+12
0.6,643,0.09071,0.166332,0.154952,0.179071,7.70984E+12
0.7,643,0.092614,0.169527,0.158067,0.172514,7.87468E+12
0.8,643,0.094245,0.172256,0.161155,0.161393,8.04633E+12
0.9,643,0.095477,0.174311,0.16409,0.145557,8.2244E+12
1,643,0.096187,0.175493,0.166726,0.125138,8.40826E+12
1.1,643,0.096272,0.175636,0.168909,0.100564,8.59694E+12
1.2,643,0.095664,0.174623,0.170488,0.07254,8.78922E+12
1.3,643,0.094335,0.172405,0.171329,0.042002,8.98366E+12
1.4,643,0.092302,0.169005,0.171328,0.010044,9.17871E+12
1.5,643,0.089631,0.164516,0.17042,-0.022167,9.37274E+12
1.6,643,0.08642,0.159091,0.168587,-0.05348,9.56425E+12
1.7,643,0.082793,0.152925,0.165853,-0.08285,9.75184E+12
1.8,643,0.078884,0.146232,0.162289,-0.109406,9.93436E+12
1.9,643,0.074823,0.139229,0.157994,-0.132502,1.01109E+13
2,643,0.070729,0.132114,0.153092,-0.151739,1.02809E+13
,,,,,,
-3,653,0.049688,0.094672,0.094672,0.138653,4.02831E+12
-2.9,653,0.050736,0.096572,0.094999,0.1373,4.07524E+12
-2.8,653,0.051776,0.098455,0.095664,0.135907,4.12371E+12
-2.7,653,0.052807,0.100317,0.096591,0.134478,4.17375E+12
-2.6,653,0.053827,0.102156,0.097719,0.133014,4.2254E+12
-2.5,653,0.054835,0.103969,0.099,0.131519,4.27868E+12
-2.4,653,0.055828,0.105752,0.100394,0.129997,4.33363E+12
-2.3,653,0.056805,0.107503,0.101871,0.128454,4.39029E+12
-2.2,653,0.057765,0.10922,0.103406,0.126898,4.44867E+12
-2.1,653,0.058705,0.1109,0.104978,0.125336,4.50882E+12
-2,653,0.059626,0.112542,0.106571,0.12378,4.57075E+12
-1.9,653,0.060526,0.114143,0.108172,0.122243,4.63451E+12
-1.8,653,0.061404,0.115704,0.109771,0.120743,4.70011E+12
-1.7,653,0.062261,0.117223,0.111358,0.119299,4.7676E+12
-1.6,653,0.063096,0.118702,0.112928,0.117934,4.83699E+12
-1.5,653,0.06391,0.120143,0.114475,0.116679,4.90833E+12
-1.4,653,0.064706,0.121546,0.115997,0.115567,4.98163E+12
-1.3,653,0.065484,0.122918,0.117491,0.114637,5.05695E+12
-1.2,653,0.066247,0.124263,0.118956,0.113937,5.13431E+12
-1.1,653,0.067001,0.125588,0.120395,0.113522,5.21376E+12
-1,653,0.067751,0.126904,0.121809,0.113451,5.29536E+12
-0.9,653,0.068502,0.12822,0.123203,0.113795,5.37916E+12
-0.8,653,0.069263,0.129553,0.124583,0.11463,5.46524E+12
-0.7,653,0.070044,0.130919,0.125958,0.116035,5.55368E+12
-0.6,653,0.070857,0.132337,0.12734,0.118096,5.64459E+12
-0.5,653,0.071715,0.133832,0.12874,0.120891,5.73809E+12
-0.4,653,0.072633,0.135429,0.130175,0.124494,5.83434E+12
-0.3,653,0.073628,0.137157,0.131663,0.128958,5.93351E+12
-0.2,653,0.074719,0.139048,0.133226,0.134304,6.03582E+12
-0.1,653,0.075924,0.141133,0.134888,0.140508,6.14153E+12
0,653,0.077263,0.143443,0.136674,0.147484,6.25093E+12
0.1,653,0.078752,0.146005,0.138611,0.155063,6.36437E+12
0.2,653,0.080404,0.14884,0.140725,0.162977,6.48223E+12
0.3,653,0.082225,0.151956,0.143039,0.170852,6.60493E+12
0.4,653,0.084213,0.155343,0.145573,0.178197,6.73294E+12
0.5,653,0.086349,0.158971,0.148336,0.184422,6.86671E+12
0.6,653,0.0886,0.162778,0.151326,0.188855,7.00671E+12
0.7,653,0.090911,0.166671,0.154522,0.190789,7.15336E+12
0.8,653,0.093206,0.170519,0.157884,0.189537,7.30697E+12
0.9,653,0.095386,0.17416,0.161344,0.184495,7.46776E+12
1,653,0.097335,0.177403,0.16481,0.175214,7.63572E+12
1.1,653,0.098925,0.18004,0.168163,0.161459,7.81063E+12
1.2,653,0.10003,0.181868,0.171265,0.143253,7.99199E+12
1.3,653,0.100537,0.182706,0.173961,0.120902,8.17903E+12
1.4,653,0.100361,0.182414,0.176098,0.09499,8.37066E+12
1.5,653,0.099454,0.180915,0.177533,0.066337,8.56561E+12
1.6,653,0.097815,0.1782,0.178147,0.035946,8.76238E+12
1.7,653,0.09549,0.174334,0.177858,0.004921,8.95942E+12
1.8,653,0.092564,0.169444,0.176628,-0.025623,9.15521E+12
1.9,653,0.089152,0.163709,0.174464,-0.05465,9.3483E+12
2,653,0.085384,0.157334,0.171418,-0.081273,9.53744E+12
,,,,,,
-3,663,0.043627,0.083606,0.083606,0.146119,3.78575E+12
-2.9,663,0.04469,0.085556,0.083928,0.14505,3.82452E+12
-2.8,663,0.045756,0.087508,0.0846,0.143947,3.86464E+12
-2.7,663,0.046823,0.089458,0.085548,0.142811,3.90614E+12
-2.6,663,0.047891,0.091405,0.086714,0.141644,3.94905E+12
-2.5,663,0.048958,0.093345,0.088048,0.140447,3.99341E+12
-2.4,663,0.050021,0.095277,0.089515,0.139223,4.03927E+12
-2.3,663,0.05108,0.097196,0.091083,0.137975,4.08665E+12
-2.2,663,0.052134,0.099101,0.092728,0.136706,4.13559E+12
-2.1,663,0.05318,0.100989,0.09443,0.135423,4.18613E+12
-2,663,0.054217,0.102857,0.096173,0.134131,4.2383E+12
-1.9,663,0.055244,0.104704,0.097943,0.13284,4.29214E+12
-1.8,663,0.05626,0.106527,0.09973,0.131559,4.34769E+12
-1.7,663,0.057264,0.108326,0.101525,0.1303,4.40498E+12
-1.6,663,0.058256,0.110098,0.10332,0.129079,4.46405E+12
-1.5,663,0.059235,0.111844,0.10511,0.127914,4.52494E+12
-1.4,663,0.0602,0.113564,0.10689,0.126827,4.58768E+12
-1.3,663,0.061154,0.115259,0.108656,0.125843,4.65232E+12
-1.2,663,0.062095,0.11693,0.110407,0.124994,4.7189E+12
-1.1,663,0.063028,0.118581,0.11214,0.124315,4.78746E+12
-1,663,0.063953,0.120217,0.113856,0.12385,4.85806E+12
-0.9,663,0.064874,0.121844,0.115556,0.123646,4.93074E+12
-0.8,663,0.065796,0.123469,0.117242,0.123758,5.00557E+12
-0.7,663,0.066725,0.125103,0.118918,0.12425,5.08262E+12
-0.6,663,0.067668,0.126758,0.12059,0.12519,5.16197E+12
-0.5,663,0.068633,0.128451,0.122264,0.126651,5.24371E+12
-0.4,663,0.069632,0.130198,0.123952,0.128709,5.32795E+12
-0.3,663,0.070676,0.132021,0.125664,0.131439,5.41481E+12
-0.2,663,0.071779,0.133944,0.127415,0.134908,5.50446E+12
-0.1,663,0.072958,0.135994,0.129222,0.139169,5.59706E+12
0,663,0.074229,0.1382,0.131105,0.144248,5.69283E+12
0.1,663,0.075611,0.140592,0.133085,0.150134,5.79202E+12
0.2,663,0.077123,0.143202,0.135186,0.15676,5.89491E+12
0.3,663,0.078781,0.146055,0.137435,0.163988,6.00184E+12
0.4,663,0.080599,0.149175,0.139856,0.171595,6.11316E+12
0.5,663,0.082587,0.152574,0.142474,0.179255,6.2293E+12
0.6,663,0.084745,0.156248,0.145308,0.186539,6.3507E+12
0.7,663,0.08706,0.160175,0.14837,0.192916,6.47782E+12
0.8,663,0.089506,0.164305,0.151663,0.197773,6.61115E+12
0.9,663,0.092035,0.168557,0.155172,0.200446,6.75111E+12
1,663,0.09458,0.172815,0.158865,0.20027,6.89809E+12
1.1,663,0.097049,0.176928,0.162683,0.196639,7.05237E+12
1.2,663,0.099333,0.180715,0.166544,0.189068,7.21406E+12
1.3,663,0.101306,0.183974,0.170338,0.17726,7.38307E+12
1.4,663,0.102839,0.186498,0.173932,0.161153,7.55907E+12
1.5,663,0.103811,0.188095,0.177177,0.140948,7.74146E+12
1.6,663,0.104122,0.188607,0.179917,0.117123,7.92934E+12
1.7,663,0.103709,0.187928,0.182003,0.090398,8.12158E+12
1.8,663,0.10255,0.186023,0.183304,0.061693,8.31684E+12
1.9,663,0.10067,0.182924,0.183722,0.032055,8.51368E+12
2,663,0.098138,0.178735,0.183199,0.002566,8.71059E+12
,,,,,,
-3,673,0.037634,0.072539,0.072539,0.151919,3.58626E+12
-2.9,673,0.038658,0.074438,0.072842,0.151076,3.61797E+12
-2.8,673,0.039692,0.076352,0.073489,0.150206,3.65083E+12
-2.7,673,0.040735,0.078281,0.07441,0.149307,3.68486E+12
-2.6,673,0.041787,0.080223,0.07555,0.148382,3.72012E+12
-2.5,673,0.042847,0.082174,0.076865,0.14743,3.75663E+12
-2.4,673,0.043913,0.084132,0.07832,0.146453,3.79442E+12
-2.3,673,0.044985,0.086097,0.079886,0.145452,3.83354E+12
-2.2,673,0.04606,0.088064,0.081541,0.144431,3.87401E+12
-2.1,673,0.047138,0.090032,0.083267,0.143392,3.91589E+12
-2,673,0.048218,0.092,0.085048,0.142339,3.95921E+12
-1.9,673,0.049298,0.093963,0.086871,0.141277,4.00399E+12
-1.8,673,0.050377,0.095921,0.088728,0.140213,4.0503E+12
-1.7,673,0.051454,0.097871,0.090608,0.139154,4.09815E+12
-1.6,673,0.052528,0.099812,0.092506,0.138109,4.1476E+12
-1.5,673,0.053598,0.101743,0.094415,0.137091,4.19868E+12
-1.4,673,0.054664,0.103662,0.096331,0.136113,4.25143E+12
-1.3,673,0.055725,0.105568,0.098249,0.135192,4.3059E+12
-1.2,673,0.056782,0.107462,0.100167,0.134348,4.36213E+12
-1.1,673,0.057835,0.109345,0.102081,0.133605,4.42017E+12
-1,673,0.058884,0.111218,0.10399,0.132991,4.48006E+12
-0.9,673,0.059931,0.113084,0.105894,0.13254,4.54187E+12
-0.8,673,0.060978,0.114947,0.107792,0.132291,4.60563E+12
-0.7,673,0.062028,0.116811,0.109685,0.132287,4.67142E+12
-0.6,673,0.063086,0.118685,0.111576,0.13258,4.73929E+12
-0.5,673,0.064156,0.120577,0.113469,0.133226,4.80933E+12
-0.4,673,0.065245,0.122498,0.115368,0.134288,4.88162E+12
-0.3,673,0.066361,0.124462,0.11728,0.135834,4.95625E+12
-0.2,673,0.067513,0.126486,0.119213,0.137935,5.03334E+12
-0.1,673,0.068712,0.128588,0.121179,0.140658,5.11302E+12
0,673,0.069972,0.130792,0.123191,0.14407,5.19543E+12
0.1,673,0.071307,0.133121,0.125263,0.148222,5.28074E+12
0.2,673,0.072734,0.135605,0.127414,0.153143,5.36918E+12
0.3,673,0.07427,0.138271,0.129666,0.158832,5.46096E+12
0.4,673,0.075934,0.141149,0.132039,0.165236,5.55637E+12
0.5,673,0.077742,0.144268,0.134559,0.172243,5.65572E+12
0.6,673,0.07971,0.14765,0.13725,0.179662,5.75936E+12
0.7,673,0.081848,0.151312,0.140137,0.187211,5.86769E+12
0.8,673,0.084161,0.155255,0.14324,0.194509,5.98115E+12
0.9,673,0.086641,0.159465,0.146575,0.201076,6.10019E+12
1,673,0.089267,0.163902,0.150146,0.206349,6.22529E+12
1.1,673,0.091999,0.168497,0.153945,0.209704,6.3569E+12
1.2,673,0.094779,0.173148,0.157946,0.210502,6.49544E+12
1.3,673,0.097524,0.177716,0.162102,0.208136,6.64125E+12
1.4,673,0.100129,0.182032,0.166338,0.202102,6.79454E+12
1.5,673,0.102476,0.185901,0.170554,0.192049,6.95533E+12
1.6,673,0.104433,0.189116,0.174625,0.177843,7.12345E+12
1.7,673,0.105875,0.191477,0.178408,0.159598,7.29845E+12
1.8,673,0.10669,0.19281,0.181747,0.137693,7.47964E+12
1.9,673,0.106799,0.192987,0.184487,0.11276,7.66604E+12
2,673,0.106159,0.191942,0.186489,0.085641,7.8565E+12
,,,,,,
-3,683,0.031984,0.061986,0.061986,0.156436,3.42365E+12
-2.9,683,0.032931,0.063762,0.062263,0.155773,3.4494E+12
-2.8,683,0.033893,0.065564,0.062863,0.155087,3.47611E+12
-2.7,683,0.03487,0.06739,0.063722,0.154378,3.5038E+12
-2.6,683,0.035862,0.06924,0.064792,0.153647,3.53252E+12
-2.5,683,0.036867,0.071112,0.066033,0.152893,3.56229E+12
-2.4,683,0.037885,0.073004,0.067413,0.152117,3.59316E+12
-2.3,683,0.038915,0.074914,0.068907,0.151321,3.62514E+12
-2.2,683,0.039956,0.076842,0.070495,0.150505,3.65829E+12
-2.1,683,0.041008,0.078785,0.072161,0.149672,3.69262E+12
-2,683,0.042069,0.080742,0.073891,0.148824,3.72819E+12
-1.9,683,0.043139,0.08271,0.075673,0.147964,3.76502E+12
-1.8,683,0.044216,0.084688,0.077501,0.147096,3.80316E+12
-1.7,683,0.0453,0.086674,0.079364,0.146224,3.84264E+12
-1.6,683,0.04639,0.088667,0.081259,0.145355,3.88351E+12
-1.5,683,0.047485,0.090664,0.083178,0.144497,3.92579E+12
-1.4,683,0.048584,0.092665,0.085119,0.143657,3.96954E+12
-1.3,683,0.049686,0.094669,0.087076,0.142848,4.0148E+12
-1.2,683,0.050792,0.096674,0.089047,0.142082,4.0616E+12
-1.1,683,0.0519,0.098679,0.091029,0.141375,4.11E+12
-1,683,0.053012,0.100686,0.093019,0.140746,4.16004E+12
-0.9,683,0.054127,0.102695,0.095017,0.140217,4.21176E+12
-0.8,683,0.055245,0.104706,0.097021,0.139816,4.26523E+12
-0.7,683,0.05637,0.106724,0.099031,0.139571,4.32049E+12
-0.6,683,0.057502,0.10875,0.101047,0.139521,4.3776E+12
-0.5,683,0.058644,0.11079,0.10307,0.139705,4.43663E+12
-0.4,683,0.059799,0.11285,0.105103,0.140171,4.49765E+12
-0.3,683,0.060973,0.114939,0.107149,0.140972,4.56073E+12
-0.2,683,0.062172,0.117066,0.109212,0.142166,4.62596E+12
-0.1,683,0.063402,0.119243,0.111299,0.143815,4.69343E+12
0,683,0.064672,0.121487,0.113417,0.145986,4.76326E+12
0.1,683,0.065993,0.123815,0.115577,0.148744,4.83558E+12
0.2,683,0.067377,0.126247,0.11779,0.152151,4.91052E+12
0.3,683,0.068837,0.128808,0.12007,0.156257,4.98826E+12
0.4,683,0.07039,0.131522,0.122436,0.161095,5.069E+12
0.5,683,0.072052,0.134418,0.124905,0.166669,5.15296E+12
0.6,683,0.07384,0.137526,0.1275,0.17294,5.2404E+12
0.7,683,0.075773,0.140872,0.130243,0.179814,5.33162E+12
0.8,683,0.077866,0.144481,0.133159,0.187127,5.42695E+12
0.9,683,0.080131,0.148372,0.136271,0.194632,5.52678E+12
1,683,0.082575,0.152553,0.139603,0.201987,5.63151E+12
1.1,683,0.085195,0.157014,0.143169,0.208758,5.74161E+12
1.2,683,0.087977,0.161725,0.14698,0.214423,5.85752E+12
1.3,683,0.090887,0.166629,0.151032,0.218396,5.97971E+12
1.4,683,0.093875,0.171637,0.155305,0.22006,6.10863E+12
1.5,683,0.096866,0.176623,0.159761,0.218816,6.24466E+12
1.6,683,0.099765,0.18143,0.164334,0.21414,6.38806E+12
1.7,683,0.102458,0.185872,0.168935,0.205643,6.53898E+12
1.8,683,0.104816,0.189744,0.173447,0.193126,6.69735E+12
1.9,683,0.106709,0.192841,0.177732,0.176625,6.86289E+12
2,683,0.108019,0.194976,0.181638,0.15643,7.03507E+12
,,,,,,
-3,693,0.026845,0.052286,0.052286,0.159963,3.292E+12
-2.9,693,0.027694,0.053895,0.052532,0.159442,3.31278E+12
-2.8,693,0.02856,0.055535,0.053071,0.158901,3.33437E+12
-2.7,693,0.029445,0.057206,0.053848,0.158343,3.35677E+12
-2.6,693,0.030347,0.058907,0.05482,0.157766,3.38001E+12
-2.5,693,0.031267,0.060637,0.055951,0.15717,3.40413E+12
-2.4,693,0.032203,0.062396,0.057216,0.156557,3.42916E+12
-2.3,693,0.033155,0.064183,0.058591,0.155926,3.45513E+12
-2.2,693,0.034124,0.065996,0.060059,0.155278,3.48206E+12
-2.1,693,0.035108,0.067834,0.061606,0.154614,3.50999E+12
-2,693,0.036107,0.069697,0.063222,0.153936,3.53896E+12
-1.9,693,0.03712,0.071583,0.064895,0.153246,3.56899E+12
-1.8,693,0.038147,0.07349,0.06662,0.152547,3.60013E+12
-1.7,693,0.039186,0.075417,0.068389,0.15184,3.6324E+12
-1.6,693,0.040239,0.077364,0.070198,0.151131,3.66584E+12
-1.5,693,0.041303,0.079329,0.072041,0.150423,3.7005E+12
-1.4,693,0.042378,0.08131,0.073916,0.149724,3.7364E+12
-1.3,693,0.043463,0.083306,0.075819,0.149039,3.77359E+12
-1.2,693,0.044559,0.085317,0.077748,0.148378,3.81211E+12
-1.1,693,0.045665,0.087341,0.079699,0.147752,3.852E+12
-1,693,0.04678,0.089378,0.081671,0.147172,3.8933E+12
-0.9,693,0.047904,0.091428,0.083662,0.146654,3.93606E+12
-0.8,693,0.049038,0.093491,0.085671,0.146216,3.98033E+12
-0.7,693,0.050182,0.095568,0.087697,0.14588,4.02615E+12
-0.6,693,0.051337,0.09766,0.08974,0.145669,4.07358E+12
-0.5,693,0.052504,0.09977,0.091799,0.145614,4.12266E+12
-0.4,693,0.053685,0.1019,0.093875,0.145747,4.17347E+12
-0.3,693,0.054883,0.104055,0.09597,0.146108,4.22607E+12
-0.2,693,0.056101,0.106242,0.098085,0.146741,4.28051E+12
-0.1,693,0.057343,0.108467,0.100225,0.147696,4.33689E+12
0,693,0.058616,0.11074,0.102392,0.149026,4.39528E+12
0.1,693,0.059924,0.113073,0.104594,0.150792,4.45579E+12
0.2,693,0.061278,0.11548,0.106837,0.153055,4.51852E+12
0.3,693,0.062686,0.117976,0.109132,0.155878,4.58358E+12
0.4,693,0.064159,0.120582,0.111488,0.159319,4.65114E+12
0.5,693,0.065712,0.12332,0.113919,0.163428,4.72133E+12
0.6,693,0.067358,0.126215,0.116441,0.16824,4.79436E+12
0.7,693,0.069114,0.129292,0.119073,0.173764,4.87043E+12
0.8,693,0.070997,0.132581,0.121835,0.17997,4.94979E+12
0.9,693,0.073025,0.13611,0.124749,0.18678,5.03272E+12
1,693,0.075213,0.139904,0.127839,0.194052,5.11953E+12
1.1,693,0.077577,0.143983,0.131128,0.201565,5.21059E+12
1.2,693,0.080124,0.14836,0.13464,0.209012,5.30629E+12
1.3,693,0.082856,0.153032,0.138393,0.215996,5.40705E+12
1.4,693,0.085762,0.157976,0.142398,0.222032,5.51332E+12
1.5,693,0.088818,0.163146,0.146657,0.226566,5.62557E+12
1.6,693,0.091981,0.168465,0.151157,0.229005,5.74425E+12
1.7,693,0.095184,0.173822,0.155867,0.228756,5.86975E+12
1.8,693,0.098341,0.179071,0.160731,0.225283,6.00242E+12
1.9,693,0.101343,0.184035,0.165669,0.218164,6.14245E+12
2,693,0.104067,0.188516,0.170573,0.207145,6.2899E+12
,,,,,,
-3,703,0.022298,0.043623,0.043623,0.162723,3.18591E+12
-2.9,703,0.02304,0.045043,0.043837,0.162313,3.20262E+12
-2.8,703,0.023802,0.046497,0.04431,0.161887,3.21999E+12
-2.7,703,0.024582,0.047984,0.044994,0.161447,3.23803E+12
-2.6,703,0.025381,0.049505,0.045854,0.160992,3.25675E+12
-2.5,703,0.026198,0.051058,0.046858,0.160523,3.2762E+12
-2.4,703,0.027034,0.052644,0.047985,0.160038,3.2964E+12
-2.3,703,0.027888,0.054263,0.049214,0.159539,3.31736E+12
-2.2,703,0.028761,0.055913,0.050532,0.159026,3.33912E+12
-2.1,703,0.029651,0.057595,0.051926,0.1585,3.36171E+12
-2,703,0.03056,0.059307,0.053388,0.157961,3.38516E+12
-1.9,703,0.031486,0.06105,0.054909,0.157411,3.40949E+12
-1.8,703,0.03243,0.062822,0.056483,0.156851,3.43473E+12
-1.7,703,0.03339,0.064622,0.058106,0.156284,3.46092E+12
-1.6,703,0.034367,0.066451,0.059772,0.155712,3.48809E+12
-1.5,703,0.035361,0.068306,0.06148,0.155138,3.51628E+12
-1.4,703,0.03637,0.070187,0.063225,0.154565,3.54551E+12
-1.3,703,0.037395,0.072094,0.065005,0.154,3.57582E+12
-1.2,703,0.038435,0.074025,0.066819,0.153448,3.60724E+12
-1.1,703,0.039491,0.075981,0.068664,0.152915,3.63983E+12
-1,703,0.040561,0.077959,0.070539,0.15241,3.67361E+12
-0.9,703,0.041645,0.07996,0.072442,0.151944,3.70862E+12
-0.8,703,0.042744,0.081984,0.074372,0.151529,3.74491E+12
-0.7,703,0.043858,0.084031,0.076329,0.15118,3.78252E+12
-0.6,703,0.044987,0.0861,0.078312,0.150913,3.82149E+12
-0.5,703,0.046131,0.088194,0.08032,0.150749,3.86188E+12
-0.4,703,0.047293,0.090314,0.082353,0.150711,3.90373E+12
-0.3,703,0.048472,0.092462,0.084412,0.150829,3.9471E+12
-0.2,703,0.049671,0.094642,0.086498,0.151133,3.99204E+12
-0.1,703,0.050893,0.096857,0.088612,0.151662,4.03863E+12
0,703,0.052141,0.099113,0.090757,0.152455,4.08692E+12
0.1,703,0.053418,0.101418,0.092936,0.153562,4.13699E+12
0.2,703,0.05473,0.103781,0.095153,0.155033,4.18893E+12
0.3,703,0.056084,0.106211,0.097415,0.156924,4.24282E+12
0.4,703,0.057487,0.108723,0.099727,0.159296,4.29877E+12
0.5,703,0.058947,0.111332,0.102099,0.162206,4.3569E+12
0.6,703,0.060477,0.114057,0.104541,0.165713,4.41734E+12
0.7,703,0.062088,0.116917,0.107066,0.169865,4.48024E+12
0.8,703,0.063795,0.119938,0.10969,0.174698,4.54578E+12
0.9,703,0.065612,0.123145,0.112429,0.180223,4.61416E+12
1,703,0.067558,0.126566,0.115303,0.186421,4.68561E+12
1.1,703,0.069649,0.130228,0.118333,0.193225,4.76038E+12
1.2,703,0.071902,0.134158,0.121544,0.200509,4.83877E+12
1.3,703,0.074332,0.138378,0.124958,0.208076,4.92113E+12
1.4,703,0.076951,0.142904,0.128599,0.215647,5.00781E+12
1.5,703,0.079762,0.147739,0.132486,0.222855,5.09923E+12
1.6,703,0.08276,0.152868,0.136635,0.229248,5.19581E+12
1.7,703,0.085927,0.158255,0.141052,0.234301,5.29801E+12
1.8,703,0.089226,0.163834,0.145728,0.23744,5.40626E+12
1.9,703,0.092601,0.169506,0.150639,0.238083,5.521E+12
2,703,0.095974,0.175139,0.15574,0.235683,5.64258E+12
,,,,,,
-3,713,0.018362,0.036062,0.036062,0.164888,3.10073E+12
-2.9,713,0.018999,0.03729,0.036245,0.164565,3.11413E+12
-2.8,713,0.019655,0.038552,0.036652,0.16423,3.12806E+12
-2.7,713,0.020328,0.039847,0.037243,0.163883,3.14253E+12
-2.6,713,0.02102,0.041175,0.037988,0.163524,3.15757E+12
-2.5,713,0.02173,0.042537,0.03886,0.163153,3.17319E+12
-2.4,713,0.022459,0.043932,0.039841,0.162771,3.18942E+12
-2.3,713,0.023207,0.045361,0.040915,0.162377,3.20628E+12
-2.2,713,0.023974,0.046825,0.04207,0.161971,3.22379E+12
-2.1,713,0.024759,0.048322,0.043296,0.161555,3.24198E+12
-2,713,0.025563,0.049852,0.044585,0.161128,3.26087E+12
-1.9,713,0.026387,0.051416,0.045932,0.160691,3.28048E+12
-1.8,713,0.027229,0.053014,0.04733,0.160246,3.30085E+12
-1.7,713,0.02809,0.054644,0.048778,0.159793,3.32199E+12
-1.6,713,0.028969,0.056308,0.05027,0.159335,3.34394E+12
-1.5,713,0.029868,0.058003,0.051805,0.158873,3.36673E+12
-1.4,713,0.030785,0.059731,0.053381,0.158411,3.39038E+12
-1.3,713,0.03172,0.06149,0.054996,0.157952,3.41493E+12
-1.2,713,0.032674,0.063281,0.056648,0.157498,3.4404E+12
-1.1,713,0.033646,0.065102,0.058336,0.157057,3.46684E+12
-1,713,0.034637,0.066954,0.060059,0.156632,3.49427E+12
-0.9,713,0.035645,0.068836,0.061816,0.156232,3.52273E+12
-0.8,713,0.036671,0.070748,0.063607,0.155865,3.55225E+12
-0.7,713,0.037716,0.072691,0.065431,0.155541,3.58288E+12
-0.6,713,0.038779,0.074663,0.067287,0.155272,3.61464E+12
-0.5,713,0.039861,0.076667,0.069175,0.155072,3.6476E+12
-0.4,713,0.040963,0.078702,0.071095,0.154958,3.68178E+12
-0.3,713,0.042084,0.080769,0.073047,0.15495,3.71723E+12
-0.2,713,0.043227,0.082872,0.075032,0.155071,3.754E+12
-0.1,713,0.044393,0.085012,0.07705,0.155348,3.79215E+12
0,713,0.045583,0.087192,0.079103,0.155811,3.83172E+12
0.1,713,0.046801,0.089417,0.081193,0.156497,3.87279E+12
0.2,713,0.048049,0.091692,0.083322,0.157446,3.9154E+12
0.3,713,0.049331,0.094025,0.085493,0.158701,3.95964E+12
0.4,713,0.050654,0.096423,0.087711,0.160315,4.00559E+12
0.5,713,0.052021,0.098897,0.089982,0.162339,4.05332E+12
0.6,713,0.053441,0.101461,0.092312,0.164831,4.10294E+12
0.7,713,0.054923,0.104127,0.09471,0.167848,4.15456E+12
0.8,713,0.056477,0.106915,0.097185,0.171445,4.20831E+12
0.9,713,0.058114,0.109845,0.099751,0.175671,4.26432E+12
1,713,0.059849,0.112938,0.102422,0.180562,4.32276E+12
1.1,713,0.061696,0.116221,0.105214,0.186134,4.38381E+12
1.2,713,0.063671,0.11972,0.108146,0.19237,4.4477E+12
1.3,713,0.065793,0.123463,0.111239,0.199214,4.51465E+12
1.4,713,0.068078,0.127478,0.114516,0.206556,4.58494E+12
1.5,713,0.070542,0.131788,0.118001,0.214215,4.6589E+12
1.6,713,0.073198,0.136412,0.121718,0.221937,4.73685E+12
1.7,713,0.076054,0.141357,0.125687,0.22938,4.81918E+12
1.8,713,0.079108,0.146618,0.129926,0.236119,4.9063E+12
1.9,713,0.082347,0.152164,0.134445,0.241654,4.99864E+12
2,713,0.085743,0.157943,0.13924,0.24543,5.09664E+12
,,,,,,
-3,723,0.015015,0.029586,0.029586,0.166589,3.03252E+12
-2.9,723,0.015553,0.03063,0.02974,0.166334,3.04324E+12
-2.8,723,0.016108,0.031706,0.030085,0.16607,3.05439E+12
-2.7,723,0.01668,0.032813,0.030587,0.165796,3.06597E+12
-2.6,723,0.017269,0.033951,0.03122,0.165514,3.07801E+12
-2.5,723,0.017875,0.035122,0.031965,0.165221,3.09053E+12
-2.4,723,0.018499,0.036326,0.032804,0.164919,3.10353E+12
-2.3,723,0.019141,0.037562,0.033725,0.164608,3.11705E+12
-2.2,723,0.019801,0.038832,0.034717,0.164288,3.13109E+12
-2.1,723,0.020479,0.040136,0.035774,0.163958,3.14569E+12
-2,723,0.021176,0.041473,0.036888,0.16362,3.16085E+12
-1.9,723,0.021891,0.042844,0.038055,0.163274,3.17661E+12
-1.8,723,0.022625,0.04425,0.039271,0.162921,3.19297E+12
-1.7,723,0.023379,0.045689,0.040533,0.162561,3.20998E+12
-1.6,723,0.024151,0.047164,0.041839,0.162196,3.22764E+12
-1.5,723,0.024943,0.048673,0.043186,0.161827,3.24598E+12
-1.4,723,0.025755,0.050216,0.044575,0.161457,3.26504E+12
-1.3,723,0.026585,0.051794,0.046002,0.161087,3.28482E+12
-1.2,723,0.027436,0.053406,0.047468,0.16072,3.30537E+12
-1.1,723,0.028306,0.055053,0.048971,0.160359,3.32671E+12
-1,723,0.029196,0.056735,0.050512,0.16001,3.34886E+12
-0.9,723,0.030105,0.058451,0.052089,0.159676,3.37186E+12
-0.8,723,0.031035,0.060201,0.053703,0.159363,3.39574E+12
-0.7,723,0.031985,0.061987,0.055353,0.15908,3.42053E+12
-0.6,723,0.032955,0.063807,0.057039,0.158834,3.44627E+12
-0.5,723,0.033946,0.065663,0.058761,0.158635,3.47298E+12
-0.4,723,0.034958,0.067555,0.060518,0.158496,3.50071E+12
-0.3,723,0.035992,0.069483,0.062312,0.15843,3.52949E+12
-0.2,723,0.037048,0.07145,0.064143,0.158454,3.55937E+12
-0.1,723,0.038128,0.073456,0.06601,0.158587,3.59038E+12
0,723,0.039233,0.075503,0.067916,0.158852,3.62258E+12
0.1,723,0.040364,0.077595,0.069861,0.159276,3.65601E+12
0.2,723,0.041523,0.079735,0.071847,0.159888,3.69072E+12
0.3,723,0.042713,0.081927,0.073875,0.160722,3.72677E+12
0.4,723,0.043937,0.084176,0.07595,0.161819,3.76423E+12
0.5,723,0.0452,0.08649,0.078074,0.16322,3.80314E+12
0.6,723,0.046505,0.088877,0.080252,0.164975,3.8436E+12
0.7,723,0.047859,0.091347,0.082489,0.167135,3.88569E+12
0.8,723,0.049269,0.093911,0.084792,0.169756,3.92948E+12
0.9,723,0.050743,0.096585,0.087169,0.172892,3.9751E+12
1,723,0.052291,0.099385,0.089631,0.176597,4.02264E+12
1.1,723,0.053925,0.102331,0.092188,0.18092,4.07225E+12
1.2,723,0.055656,0.105444,0.094856,0.185896,4.12408E+12
1.3,723,0.057502,0.10875,0.09765,0.191544,4.17829E+12
1.4,723,0.059476,0.112274,0.100589,0.197852,4.23509E+12
1.5,723,0.061596,0.116045,0.103693,0.20477,4.29469E+12
1.6,723,0.06388,0.120089,0.106984,0.212199,4.35734E+12
1.7,723,0.066345,0.124434,0.110486,0.219975,4.42335E+12
1.8,723,0.069004,0.129099,0.114224,0.227859,4.49301E+12
1.9,723,0.071867,0.134098,0.118219,0.235533,4.5667E+12
2,723,0.074938,0.139427,0.122492,0.242593,4.64478E+12
,,,,,,
-3,733,0.012207,0.02412,0.02412,0.167928,2.97801E+12
-2.9,733,0.012657,0.024997,0.024249,0.167727,2.98657E+12
-2.8,733,0.01312,0.025901,0.024537,0.167519,2.99547E+12
-2.7,733,0.013599,0.026834,0.024958,0.167303,3.00473E+12
-2.6,733,0.014094,0.027795,0.02549,0.167079,3.01435E+12
-2.5,733,0.014603,0.028787,0.026116,0.166849,3.02436E+12
-2.4,733,0.015129,0.029808,0.026823,0.16661,3.03476E+12
-2.3,733,0.015672,0.03086,0.027601,0.166364,3.04557E+12
-2.2,733,0.016231,0.031943,0.028441,0.166111,3.05681E+12
-2.1,733,0.016806,0.033057,0.029336,0.165851,3.06849E+12
-2,733,0.0174,0.034204,0.030283,0.165584,3.08063E+12
-1.9,733,0.01801,0.035383,0.031278,0.16531,3.09325E+12
-1.8,733,0.018639,0.036595,0.032316,0.16503,3.10637E+12
-1.7,733,0.019285,0.037841,0.033397,0.164744,3.12E+12
-1.6,733,0.01995,0.03912,0.034518,0.164454,3.13417E+12
-1.5,733,0.020634,0.040434,0.035678,0.164161,3.14888E+12
-1.4,733,0.021337,0.041782,0.036876,0.163865,3.16418E+12
-1.3,733,0.022058,0.043165,0.038112,0.163569,3.18007E+12
-1.2,733,0.022799,0.044582,0.039386,0.163274,3.19658E+12
-1.1,733,0.02356,0.046036,0.040696,0.162982,3.21374E+12
-1,733,0.024341,0.047524,0.042042,0.162698,3.23156E+12
-0.9,733,0.025141,0.049049,0.043425,0.162424,3.25007E+12
-0.8,733,0.025962,0.05061,0.044845,0.162165,3.2693E+12
-0.7,733,0.026804,0.052208,0.046302,0.161925,3.28927E+12
-0.6,733,0.027666,0.053843,0.047795,0.161711,3.31002E+12
-0.5,733,0.02855,0.055515,0.049325,0.16153,3.33157E+12
-0.4,733,0.029456,0.057225,0.050893,0.161391,3.35395E+12
-0.3,733,0.030383,0.058975,0.052498,0.161303,3.3772E+12
-0.2,733,0.031334,0.060763,0.054142,0.161279,3.40134E+12
-0.1,733,0.032308,0.062593,0.055824,0.161332,3.42642E+12
0,733,0.033306,0.064465,0.057546,0.16148,3.45247E+12
0.1,733,0.03433,0.066382,0.059308,0.16174,3.47952E+12
0.2,733,0.035381,0.068345,0.061111,0.162137,3.50763E+12
0.3,733,0.036461,0.070357,0.062958,0.162694,3.53684E+12
0.4,733,0.037572,0.072423,0.06485,0.163442,3.56719E+12
0.5,733,0.038716,0.074546,0.06679,0.164415,3.59873E+12
0.6,733,0.039897,0.076732,0.06878,0.165649,3.63153E+12
0.7,733,0.041118,0.078988,0.070824,0.167188,3.66565E+12
0.8,733,0.042385,0.081322,0.072927,0.169079,3.70115E+12
0.9,733,0.043702,0.083744,0.075095,0.17137,3.7381E+12
1,733,0.045077,0.086266,0.077333,0.174116,3.7766E+12
1.1,733,0.046518,0.088901,0.07965,0.177371,3.81673E+12
1.2,733,0.048034,0.091665,0.082056,0.181186,3.85861E+12
1.3,733,0.049636,0.094578,0.084563,0.185608,3.90236E+12
1.4,733,0.051337,0.09766,0.087183,0.190674,3.9481E+12
1.5,733,0.05315,0.100936,0.089933,0.1964,3.99601E+12
1.6,733,0.055092,0.104431,0.092829,0.20278,4.04625E+12
1.7,733,0.057179,0.108172,0.095893,0.209769,4.09904E+12
1.8,733,0.059428,0.112189,0.099146,0.217272,4.15459E+12
1.9,733,0.061856,0.116506,0.102612,0.225137,4.21318E+12
2,733,0.064479,0.121147,0.106314,0.23314,4.2751E+12
,,,,,,
-3,743,0.009879,0.019564,0.019564,0.168984,2.93451E+12
-2.9,743,0.01025,0.020291,0.01967,0.168825,2.94134E+12
-2.8,743,0.010633,0.021043,0.019908,0.16866,2.94844E+12
-2.7,743,0.01103,0.021819,0.020257,0.16849,2.95582E+12
-2.6,743,0.01144,0.022622,0.020699,0.168313,2.9635E+12
-2.5,743,0.011864,0.02345,0.02122,0.168131,2.97149E+12
-2.4,743,0.012302,0.024305,0.021808,0.167943,2.97979E+12
-2.3,743,0.012755,0.025188,0.022457,0.167749,2.98842E+12
-2.2,743,0.013222,0.026099,0.023159,0.167548,2.9974E+12
-2.1,743,0.013704,0.027038,0.023909,0.167343,3.00674E+12
-2,743,0.014202,0.028007,0.024703,0.167131,3.01644E+12
-1.9,743,0.014716,0.029005,0.025538,0.166914,3.02653E+12
-1.8,743,0.015246,0.030034,0.026412,0.166692,3.03702E+12
-1.7,743,0.015792,0.031094,0.027324,0.166466,3.04792E+12
-1.6,743,0.016356,0.032185,0.028272,0.166236,3.05926E+12
-1.5,743,0.016936,0.033308,0.029255,0.166003,3.07104E+12
-1.4,743,0.017534,0.034464,0.030273,0.165767,3.08328E+12
-1.3,743,0.01815,0.035653,0.031325,0.16553,3.09601E+12
-1.2,743,0.018784,0.036875,0.032412,0.165294,3.10924E+12
-1.1,743,0.019437,0.038132,0.033533,0.16506,3.12299E+12
-1,743,0.020108,0.039423,0.034688,0.164831,3.13729E+12
-0.9,743,0.020799,0.04075,0.035878,0.164608,3.15214E+12
-0.8,743,0.021509,0.042111,0.037103,0.164395,3.16757E+12
-0.7,743,0.022239,0.04351,0.038363,0.164196,3.18361E+12
-0.6,743,0.022989,0.044944,0.039658,0.164014,3.20028E+12
-0.5,743,0.02376,0.046417,0.04099,0.163856,3.21759E+12
-0.4,743,0.024552,0.047927,0.042358,0.163727,3.23559E+12
-0.3,743,0.025365,0.049476,0.043763,0.163635,3.25429E+12
-0.2,743,0.026201,0.051064,0.045205,0.163588,3.27372E+12
-0.1,743,0.02706,0.052693,0.046686,0.163597,3.29391E+12
0,743,0.027942,0.054364,0.048205,0.163673,3.31489E+12
0.1,743,0.028848,0.056079,0.049765,0.163829,3.33669E+12
0.2,743,0.02978,0.057838,0.051365,0.164084,3.35935E+12
0.3,743,0.030739,0.059644,0.053008,0.164454,3.3829E+12
0.4,743,0.031725,0.0615,0.054694,0.164962,3.40738E+12
0.5,743,0.032742,0.063408,0.056426,0.165634,3.43283E+12
0.6,743,0.033791,0.065373,0.058205,0.166497,3.45929E+12
0.7,743,0.034874,0.067398,0.060034,0.167584,3.48682E+12
0.8,743,0.035996,0.06949,0.061916,0.168932,3.51546E+12
0.9,743,0.037159,0.071655,0.063855,0.170581,3.54527E+12
1,743,0.038368,0.0739,0.065856,0.172576,3.57631E+12
1.1,743,0.039629,0.076236,0.067924,0.174965,3.60865E+12
1.2,743,0.040948,0.078674,0.070066,0.177797,3.64237E+12
1.3,743,0.042332,0.081225,0.072288,0.181125,3.67755E+12
1.4,743,0.043791,0.083907,0.074602,0.184996,3.71429E+12
1.5,743,0.045334,0.086737,0.077018,0.189455,3.7527E+12
1.6,743,0.046974,0.089734,0.079548,0.194533,3.7929E+12
1.7,743,0.048724,0.092921,0.082207,0.200247,3.83504E+12
1.8,743,0.050598,0.096323,0.085012,0.206586,3.87927E+12
1.9,743,0.052612,0.099965,0.087983,0.213506,3.92577E+12
2,743,0.054783,0.103875,0.09114,0.220913,3.97476E+12
,,,,,,
-3,753,0.007964,0.015802,0.015802,0.169818,2.89983E+12
-2.9,753,0.008268,0.0164,0.015888,0.169692,2.90527E+12
-2.8,753,0.008583,0.017019,0.016084,0.169562,2.91093E+12
-2.7,753,0.008909,0.01766,0.016371,0.169427,2.91682E+12
-2.6,753,0.009246,0.018323,0.016735,0.169287,2.92294E+12
-2.5,753,0.009595,0.019008,0.017164,0.169143,2.92931E+12
-2.4,753,0.009957,0.019717,0.017649,0.168994,2.93593E+12
-2.3,753,0.01033,0.020449,0.018185,0.16884,2.94281E+12
-2.2,753,0.010717,0.021207,0.018766,0.168682,2.94997E+12
-2.1,753,0.011117,0.021989,0.019387,0.168519,2.95742E+12
-2,753,0.01153,0.022797,0.020045,0.168351,2.96517E+12
-1.9,753,0.011957,0.023632,0.020739,0.16818,2.97322E+12
-1.8,753,0.012399,0.024494,0.021467,0.168004,2.98159E+12
-1.7,753,0.012855,0.025383,0.022227,0.167824,2.9903E+12
-1.6,753,0.013326,0.026301,0.023018,0.167641,2.99935E+12
-1.5,753,0.013812,0.027247,0.02384,0.167455,3.00877E+12
-1.4,753,0.014314,0.028224,0.024693,0.167267,3.01855E+12
-1.3,753,0.014832,0.02923,0.025577,0.167078,3.02873E+12
-1.2,753,0.015366,0.030267,0.026492,0.166889,3.03931E+12
-1.1,753,0.015917,0.031336,0.027437,0.166701,3.05031E+12
-1,753,0.016486,0.032437,0.028413,0.166515,3.06174E+12
-0.9,753,0.017072,0.033571,0.029421,0.166333,3.07363E+12
-0.8,753,0.017676,0.034737,0.03046,0.166159,3.08598E+12
-0.7,753,0.018298,0.035938,0.031532,0.165993,3.09883E+12
-0.6,753,0.018939,0.037174,0.032637,0.165839,3.11218E+12
-0.5,753,0.019599,0.038445,0.033776,0.165701,3.12605E+12
-0.4,753,0.020279,0.039752,0.034948,0.165584,3.14048E+12
-0.3,753,0.020979,0.041096,0.036155,0.165492,3.15548E+12
-0.2,753,0.0217,0.042478,0.037397,0.165431,3.17106E+12
-0.1,753,0.022442,0.043898,0.038675,0.165409,3.18726E+12
0,753,0.023205,0.045358,0.03999,0.165433,3.2041E+12
0.1,753,0.023992,0.046859,0.041343,0.165514,3.22161E+12
0.2,753,0.024802,0.048403,0.042734,0.165663,3.23981E+12
0.3,753,0.025636,0.04999,0.044165,0.165892,3.25873E+12
0.4,753,0.026495,0.051623,0.045637,0.166218,3.2784E+12
0.5,753,0.027381,0.053303,0.047152,0.166657,3.29885E+12
0.6,753,0.028296,0.055034,0.04871,0.16723,3.32012E+12
0.7,753,0.02924,0.056818,0.050313,0.16796,3.34225E+12
0.8,753,0.030216,0.058659,0.051965,0.168873,3.36526E+12
0.9,753,0.031226,0.060562,0.053667,0.169998,3.38922E+12
1,753,0.032274,0.06253,0.055423,0.171368,3.41415E+12
1.1,753,0.033363,0.064572,0.057236,0.173018,3.44012E+12
1.2,753,0.034496,0.066692,0.05911,0.174988,3.46717E+12
1.3,753,0.035679,0.068901,0.061051,0.177318,3.49538E+12
1.4,753,0.036918,0.071207,0.063064,0.180052,3.52479E+12
1.5,753,0.038218,0.073623,0.065157,0.183229,3.5555E+12
1.6,753,0.039588,0.076161,0.067338,0.18689,3.58758E+12
1.7,753,0.041036,0.078837,0.069617,0.191066,3.62113E+12
1.8,753,0.042572,0.081668,0.072004,0.195776,3.65625E+12
1.9,753,0.044208,0.084673,0.074513,0.201024,3.69307E+12
2,753,0.045955,0.087871,0.077157,0.206787,3.73171E+12
,,,,,,
-3,763,0.006401,0.01272,0.01272,0.170476,2.87222E+12
-2.9,763,0.006648,0.013209,0.012791,0.170376,2.87655E+12
-2.8,763,0.006905,0.013715,0.01295,0.170273,2.88106E+12
-2.7,763,0.007171,0.014239,0.013184,0.170166,2.88574E+12
-2.6,763,0.007446,0.014782,0.013481,0.170056,2.89062E+12
-2.5,763,0.007732,0.015345,0.013832,0.169941,2.89569E+12
-2.4,763,0.008027,0.015927,0.01423,0.169823,2.90097E+12
-2.3,763,0.008334,0.01653,0.014669,0.169701,2.90645E+12
-2.2,763,0.008651,0.017154,0.015145,0.169576,2.91216E+12
-2.1,763,0.00898,0.017799,0.015655,0.169446,2.91809E+12
-2,763,0.00932,0.018467,0.016197,0.169313,2.92427E+12
-1.9,763,0.009671,0.019158,0.016768,0.169176,2.93069E+12
-1.8,763,0.010036,0.019872,0.017368,0.169036,2.93736E+12
-1.7,763,0.010412,0.02061,0.017995,0.168892,2.94431E+12
-1.6,763,0.010802,0.021373,0.018649,0.168745,2.95153E+12
-1.5,763,0.011205,0.022162,0.01933,0.168596,2.95904E+12
-1.4,763,0.011622,0.022976,0.020037,0.168445,2.96685E+12
-1.3,763,0.012052,0.023817,0.020771,0.168292,2.97497E+12
-1.2,763,0.012497,0.024686,0.021532,0.168138,2.98341E+12
-1.1,763,0.012957,0.025583,0.022319,0.167984,2.9922E+12
-1,763,0.013432,0.026508,0.023134,0.16783,3.00133E+12
-0.9,763,0.013923,0.027463,0.023977,0.167678,3.01082E+12
-0.8,763,0.014429,0.028448,0.024848,0.16753,3.0207E+12
-0.7,763,0.014952,0.029464,0.025747,0.167386,3.03096E+12
-0.6,763,0.015492,0.030511,0.026676,0.167249,3.04163E+12
-0.5,763,0.016049,0.031591,0.027636,0.167121,3.05273E+12
-0.4,763,0.016623,0.032703,0.028625,0.167005,3.06427E+12
-0.3,763,0.017216,0.033849,0.029646,0.166903,3.07626E+12
-0.2,763,0.017827,0.03503,0.030699,0.16682,3.08874E+12
-0.1,763,0.018457,0.036246,0.031784,0.166759,3.1017E+12
0,763,0.019107,0.037498,0.032903,0.166725,3.11519E+12
0.1,763,0.019777,0.038788,0.034056,0.166724,3.1292E+12
0.2,763,0.020468,0.040116,0.035245,0.166762,3.14378E+12
0.3,763,0.021181,0.041483,0.036469,0.166847,3.15893E+12
0.4,763,0.021915,0.042891,0.03773,0.166986,3.17469E+12
0.5,763,0.022673,0.044341,0.039029,0.167189,3.19107E+12
0.6,763,0.023455,0.045835,0.040368,0.167468,3.20811E+12
0.7,763,0.024262,0.047374,0.041747,0.167833,3.22583E+12
0.8,763,0.025095,0.048961,0.043167,0.168298,3.24427E+12
0.9,763,0.025955,0.050598,0.044631,0.168877,3.26344E+12
1,763,0.026845,0.052287,0.046141,0.169587,3.2834E+12
1.1,763,0.027766,0.054032,0.047698,0.170444,3.30416E+12
1.2,763,0.02872,0.055836,0.049304,0.171467,3.32578E+12
1.3,763,0.029708,0.057703,0.050963,0.172673,3.34829E+12
1.4,763,0.030735,0.059638,0.052677,0.174082,3.37173E+12
1.5,763,0.031803,0.061646,0.054449,0.17571,3.39616E+12
1.6,763,0.032915,0.063732,0.056285,0.177574,3.42163E+12
1.7,763,0.034075,0.065904,0.058188,0.179685,3.4482E+12
1.8,763,0.035287,0.068169,0.060163,0.18205,3.47592E+12
1.9,763,0.036556,0.070534,0.062215,0.18467,3.50487E+12
2,763,0.037887,0.073008,0.064352,0.187536,3.53512E+12
,,,,,,
-3,773,0.005132,0.010211,0.010211,0.170996,2.85024E+12
-2.9,773,0.005332,0.010608,0.010268,0.170917,2.85369E+12
-2.8,773,0.00554,0.01102,0.010398,0.170834,2.85727E+12
-2.7,773,0.005756,0.011446,0.010588,0.170749,2.861E+12
-2.6,773,0.00598,0.011888,0.010829,0.170661,2.86488E+12
-2.5,773,0.006212,0.012347,0.011114,0.17057,2.86892E+12
-2.4,773,0.006452,0.012822,0.011438,0.170475,2.87312E+12
-2.3,773,0.006702,0.013314,0.011795,0.170378,2.87749E+12
-2.2,773,0.00696,0.013825,0.012183,0.170277,2.88203E+12
-2.1,773,0.007228,0.014353,0.012599,0.170173,2.88676E+12
-2,773,0.007506,0.0149,0.013042,0.170065,2.89167E+12
-1.9,773,0.007794,0.015467,0.013508,0.169954,2.89679E+12
-1.8,773,0.008092,0.016054,0.013999,0.16984,2.90211E+12
-1.7,773,0.008401,0.016661,0.014513,0.169723,2.90764E+12
-1.6,773,0.00872,0.01729,0.015049,0.169602,2.91339E+12
-1.5,773,0.009051,0.01794,0.015608,0.169478,2.91938E+12
-1.4,773,0.009394,0.018613,0.016189,0.169351,2.9256E+12
-1.3,773,0.009749,0.019309,0.016793,0.169221,2.93208E+12
-1.2,773,0.010116,0.020029,0.01742,0.169089,2.93881E+12
-1.1,773,0.010495,0.020773,0.01807,0.168953,2.94581E+12
-1,773,0.010888,0.021542,0.018743,0.168816,2.9531E+12
-0.9,773,0.011294,0.022336,0.01944,0.168676,2.96067E+12
-0.8,773,0.011714,0.023157,0.020162,0.168534,2.96855E+12
-0.7,773,0.012148,0.024005,0.020909,0.16839,2.97674E+12
-0.6,773,0.012597,0.024881,0.021681,0.168245,2.98526E+12
-0.5,773,0.013061,0.025785,0.022479,0.168099,2.99411E+12
-0.4,773,0.01354,0.026718,0.023304,0.167952,3.00332E+12
-0.3,773,0.014034,0.02768,0.024156,0.167805,3.0129E+12
-0.2,773,0.014545,0.028673,0.025036,0.167656,3.02286E+12
-0.1,773,0.015072,0.029697,0.025945,0.167507,3.03322E+12
0,773,0.015616,0.030752,0.026882,0.167357,3.04398E+12
0.1,773,0.016178,0.03184,0.02785,0.167204,3.05518E+12
0.2,773,0.016756,0.032961,0.028848,0.167049,3.06682E+12
0.3,773,0.017353,0.034115,0.029878,0.16689,3.07892E+12
0.4,773,0.017969,0.035303,0.030939,0.166723,3.0915E+12
0.5,773,0.018602,0.036526,0.032033,0.166546,3.10458E+12
0.6,773,0.019255,0.037783,0.033159,0.166354,3.11818E+12
0.7,773,0.019927,0.039076,0.034319,0.166139,3.13232E+12
0.8,773,0.020619,0.040405,0.035514,0.165893,3.14702E+12
0.9,773,0.02133,0.041769,0.036742,0.165605,3.1623E+12
1,773,0.022061,0.043169,0.038006,0.16526,3.17818E+12
1.1,773,0.02281,0.044603,0.039304,0.164839,3.19469E+12
1.2,773,0.023579,0.046072,0.040638,0.164319,3.21184E+12
1.3,773,0.024366,0.047574,0.042006,0.163672,3.22967E+12
1.4,773,0.025171,0.049106,0.043408,0.162863,3.24819E+12
1.5,773,0.025992,0.050666,0.044844,0.161854,3.26743E+12
1.6,773,0.026826,0.052251,0.046312,0.160603,3.28742E+12
1.7,773,0.027673,0.053856,0.047809,0.159067,3.30816E+12
1.8,773,0.028529,0.055475,0.049334,0.157208,3.3297E+12
1.9,773,0.02939,0.057102,0.050882,0.155003,3.35203E+12
2,773,0.030253,0.05873,0.05245,0.15246,3.37519E+12
