0.509642,0.090416,7.38087E+13
0.505182,0.037234,7.95547E+13
0.493649,-0.019707,8.52043E+13
0.476826,-0.081161,9.06823E+13
0.455983,-0.148108,9.5915E+13
0.432041,-0.221858,1.00832E+14
0.405687,-0.304245,1.05371E+14
0.377458,-0.397955,1.09477E+14
0.347797,-0.507162,1.13107E+14
0.317091,-0.638839,1.16233E+14
0.285699,-0.805771,1.18839E+14
0.253973,-1.034843,1.20925E+14
0.222262,-1.397106,1.22504E+14
0.190921,-2.211385,1.23602E+14
0.160309,-2.322176,1.24256E+14
0.130777,-1.038574,1.24513E+14
0.102668,-0.278594,1.24424E+14
0.076299,0.497287,1.24044E+14
0.051947,1.934645,1.23427E+14
0.029846,1.474634,1.22629E+14
0.010165,0.749309,1.21698E+14
-0.006989,0.414729,1.2068E+14
-0.02158,0.205204,1.19615E+14
-0.033644,0.056779,1.18535E+14
-0.043277,-0.055217,1.17467E+14
-0.050636,-0.142427,1.16432E+14
-0.055924,-0.210914,1.15444E+14
-0.059378,-0.263922,1.14513E+14
-0.061256,-0.30309,1.13643E+14
-0.061829,-0.329077,1.12837E+14
-0.061362,-0.341974,1.12092E+14
-0.060114,-0.341638,1.11404E+14
-0.058321,-0.328044,1.10769E+14
-0.056198,-0.301631,1.10178E+14
-0.053931,-0.263625,1.09624E+14
-0.051675,-0.216221,1.09099E+14
-0.049557,-0.162564,1.08596E+14
-0.047673,-0.106483,1.08106E+14
-0.046088,-0.052016,1.07623E+14
-0.044846,-0.002866,1.07141E+14
-0.043962,0.038071,1.06655E+14
-0.043433,0.068982,1.06161E+14
-0.043238,0.089172,1.05656E+14
-0.043339,0.098894,1.05139E+14
-0.04369,0.099075,1.04609E+14
-0.044233,0.091021,1.04067E+14
-0.044906,0.076171,1.03514E+14
-0.045644,0.055931,1.02953E+14
-0.046384,0.031572,1.02386E+14
-0.047065,0.004187,1.01818E+14
-0.047629,-0.025312,1.01252E+14
,,
0.544138,0.140327,6.21673E+13
0.539644,0.088644,6.74898E+13
0.528015,0.033826,7.27853E+13
0.511076,-0.024673,7.79841E+13
0.490111,-0.087532,8.30158E+13
0.466046,-0.155621,8.78117E+13
0.439565,-0.230096,9.23082E+13
0.411198,-0.312561,9.64486E+13
0.381378,-0.405344,1.00186E+14
0.35048,-0.512021,1.03485E+14
0.318853,-0.638465,1.06322E+14
0.286834,-0.795175,1.08689E+14
0.254763,-1.003312,1.1059E+14
0.222981,-1.314504,1.12041E+14
0.191834,-1.914718,1.1307E+14
0.161665,-3.444592,1.13713E+14
0.132804,-1.353861,1.14013E+14
0.10556,-0.531627,1.14018E+14
0.080208,0.209857,1.13775E+14
0.056975,1.284559,1.13334E+14
0.036032,1.937725,1.1274E+14
0.01749,0.869746,1.12033E+14
0.001389,0.477346,1.11252E+14
-0.012294,0.250077,1.10427E+14
-0.023644,0.09782,1.09584E+14
-0.032801,-0.01102,1.08743E+14
-0.039949,-0.090692,1.0792E+14
-0.045303,-0.148564,1.07123E+14
-0.049099,-0.188826,1.06361E+14
-0.051583,-0.214107,1.05636E+14
-0.052995,-0.226318,1.04949E+14
-0.053567,-0.227141,1.04297E+14
-0.053508,-0.218339,1.03679E+14
-0.053004,-0.201916,1.0309E+14
-0.052215,-0.180156,1.02525E+14
-0.051269,-0.155537,1.01981E+14
-0.050266,-0.130565,1.01454E+14
-0.049278,-0.107563,1.00939E+14
-0.04835,-0.088468,1.00435E+14
-0.047505,-0.074697,9.99384E+13
-0.046748,-0.067096,9.94492E+13
-0.046067,-0.065966,9.89664E+13
-0.045439,-0.071167,9.84905E+13
-0.044834,-0.082239,9.80224E+13
-0.044217,-0.098532,9.75637E+13
-0.043553,-0.11932,9.71162E+13
-0.042809,-0.143882,9.6682E+13
-0.041955,-0.171567,9.62634E+13
-0.040969,-0.201825,9.58625E+13
-0.039834,-0.234231,9.54814E+13
-0.038541,-0.268495,9.5122E+13
,,
0.578111,0.189234,5.16474E+13
0.573584,0.1385,5.64864E+13
0.561868,0.08506,6.13563E+13
0.544822,0.028509,6.61938E+13
0.523745,-0.031645,7.09334E+13
0.499561,-0.096007,7.55099E+13
0.47295,-0.165353,7.98606E+13
0.444431,-0.24071,8.39281E+13
0.414426,-0.323497,8.76626E+13
0.383297,-0.415771,9.10241E+13
0.35138,-0.520679,9.39837E+13
0.318999,-0.643345,9.65247E+13
0.286479,-0.7928,9.86429E+13
0.25415,-0.986758,1.00346E+14
0.222346,-1.266312,1.01653E+14
0.191399,-1.762565,1.0259E+14
0.161634,-3.921656,1.03193E+14
0.133352,-1.632986,1.03501E+14
0.106826,-0.727333,1.03557E+14
0.082287,0.008638,1.03401E+14
0.059913,0.944117,1.03076E+14
0.039823,2.76963,1.0262E+14
0.022075,1.002848,1.02067E+14
0.006668,0.548108,1.01446E+14
-0.006461,0.302788,1.00784E+14
-0.017422,0.144788,1.001E+14
-0.026367,0.034669,9.94115E+13
-0.033478,-0.045023,9.87298E+13
-0.038956,-0.103541,9.8064E+13
-0.043011,-0.146501,9.74199E+13
-0.045849,-0.177743,9.68014E+13
-0.047667,-0.200188,9.62103E+13
-0.048644,-0.216253,9.56474E+13
-0.048942,-0.228059,9.51128E+13
-0.048697,-0.237506,9.4606E+13
-0.048024,-0.246298,9.41263E+13
-0.047012,-0.255928,9.36731E+13
-0.045734,-0.267675,9.32459E+13
-0.044243,-0.2826,9.28445E+13
-0.042578,-0.301573,9.24687E+13
-0.040766,-0.32533,9.21187E+13
-0.038828,-0.354552,9.17948E+13
-0.036779,-0.389976,9.14972E+13
-0.03463,-0.432556,9.12263E+13
-0.032392,-0.483673,9.09823E+13
-0.030079,-0.545486,9.07655E+13
-0.027702,-0.621518,9.05757E+13
-0.025278,-0.717822,9.04127E+13
-0.022823,-0.845544,9.02762E+13
-0.020355,-1.027671,9.01655E+13
-0.017895,-1.321913,9.00796E+13
,,
0.611109,0.236729,4.22617E+13
0.606548,0.186438,4.65715E+13
0.594744,0.133716,5.09564E+13
0.577587,0.078248,5.53606E+13
0.556385,0.019661,5.97249E+13
0.532064,-0.042496,6.39886E+13
0.505292,-0.108779,6.80918E+13
0.476579,-0.1799,7.19782E+13
0.446333,-0.256808,7.5597E+13
0.414904,-0.340823,7.89055E+13
0.382614,-0.433873,8.18703E+13
0.349775,-0.538919,8.44691E+13
0.316702,-0.660789,8.66908E+13
0.283713,-0.807969,8.85357E+13
0.251136,-0.996957,9.00144E+13
0.219298,-1.265321,9.11468E+13
0.188523,-1.727924,9.19601E+13
0.159117,-3.303647,9.24869E+13
0.131361,-1.780333,9.27633E+13
0.105499,-0.82812,9.28268E+13
0.081728,-0.091197,9.27145E+13
0.060194,0.80204,9.24618E+13
0.040983,3.747777,9.21016E+13
0.024128,1.038921,9.16632E+13
0.009602,0.544576,9.11721E+13
-0.002665,0.281193,9.06499E+13
-0.012789,0.108386,9.01145E+13
-0.020915,-0.017638,8.95805E+13
-0.027213,-0.11624,8.90593E+13
-0.031863,-0.197879,8.85596E+13
-0.035052,-0.269131,8.80879E+13
-0.036964,-0.334749,8.76492E+13
-0.037776,-0.398676,8.72466E+13
-0.037654,-0.464703,8.68824E+13
-0.03675,-0.537072,8.65579E+13
-0.0352,-0.621295,8.62736E+13
-0.033128,-0.725653,8.60296E+13
-0.030643,-0.864573,8.58256E+13
-0.027839,-1.067925,8.56608E+13
-0.024802,-1.416042,8.55342E+13
-0.021605,-2.305561,8.54445E+13
-0.018313,-2.014039,8.53902E+13
-0.014981,-0.814361,8.53697E+13
-0.01166,-0.030707,8.53811E+13
-0.008391,0.800528,8.54223E+13
-0.005211,2.508862,8.54913E+13
-0.002152,1.63807,8.55859E+13
0.000763,1.014884,8.57039E+13
0.003511,0.725807,8.58429E+13
0.006077,0.54902,8.60007E+13
0.008449,0.426738,8.61751E+13
,,
0.64259,0.282199,3.39955E+13
0.637989,0.231905,3.77458E+13
0.626086,0.179344,4.16008E+13
0.608801,0.124264,4.55128E+13
0.587452,0.066372,4.94296E+13
0.562959,0.005329,5.32965E+13
0.535987,-0.059274,5.70581E+13
0.507032,-0.127943,6.06609E+13
0.476492,-0.201323,6.40553E+13
0.444709,-0.280273,6.71981E+13
0.411994,-0.36599,7.0054E+13
0.378656,-0.460213,7.25974E+13
0.345002,-0.565596,7.48126E+13
0.311354,-0.686413,7.66948E+13
0.27804,-0.830029,7.82488E+13
0.245398,-1.010329,7.94886E+13
0.213762,-1.257385,8.04358E+13
0.183455,-1.654402,8.11179E+13
0.154783,-2.631402,8.15661E+13
0.128014,-2.252299,8.1814E+13
0.103376,-1.127742,8.18958E+13
0.081046,-0.388144,8.18447E+13
0.061144,0.41,8.16921E+13
0.043733,2.188368,8.14664E+13
0.028815,1.090006,8.11931E+13
0.016341,0.438329,8.08941E+13
0.006211,0.096883,8.05879E+13
-0.001715,-0.147648,8.02896E+13
-0.007605,-0.358303,8.00114E+13
-0.011655,-0.570859,7.97627E+13
-0.01407,-0.823895,7.95504E+13
-0.015064,-1.195539,7.93795E+13
-0.014849,-2.011866,7.9253E+13
-0.013629,-2.095901,7.91726E+13
-0.011598,-0.802629,7.91387E+13
-0.008937,-0.023474,7.91508E+13
-0.005808,0.775602,7.92076E+13
-0.002358,2.245425,7.9307E+13
0.001285,1.79161,7.94467E+13
0.005012,1.093841,7.96239E+13
0.008728,0.783089,7.98356E+13
0.012357,0.595266,8.00786E+13
0.015837,0.466136,8.03497E+13
0.019119,0.370517,8.06457E+13
0.022166,0.296148,8.09633E+13
0.024952,0.236238,8.12994E+13
0.02746,0.186674,8.16509E+13
0.029681,0.144807,8.2015E+13
0.031612,0.108836,8.23889E+13
0.033258,0.077491,8.27701E+13
0.034624,0.049845,8.31561E+13
,,
0.672008,0.325089,2.68136E+13
0.667363,0.274523,2.99916E+13
0.655357,0.221817,3.32898E+13
0.637941,0.166786,3.66687E+13
0.616443,0.109228,4.0084E+13
0.591784,0.048919,4.34881E+13
0.564625,-0.01439,4.6832E+13
0.535459,-0.08098,5.00671E+13
0.504681,-0.151176,5.31477E+13
0.472631,-0.225367,5.60328E+13
0.439625,-0.304031,5.86882E+13
0.405974,-0.387784,6.10879E+13
0.371997,-0.477442,6.32148E+13
0.338026,-0.574126,6.50613E+13
0.304408,-0.679416,6.66291E+13
0.271497,-0.795608,6.79285E+13
0.239649,-0.926115,6.89767E+13
0.209209,-1.076164,6.97969E+13
0.180502,-1.254033,7.04163E+13
0.153818,-1.47338,7.08645E+13
0.1294,-1.75777,7.11717E+13
0.107434,-2.148639,7.13678E+13
0.088045,-2.700012,7.1481E+13
0.071289,-3.164621,7.15371E+13
0.057159,-2.355641,7.1559E+13
0.045583,-1.025819,7.15664E+13
0.036435,0.260668,7.15756E+13
0.029542,1.592415,7.16E+13
0.024697,2.561364,7.16498E+13
0.021668,2.207086,7.17327E+13
0.020208,1.655172,7.18538E+13
0.02007,1.270227,7.20166E+13
0.02101,1.002662,7.22224E+13
0.022797,0.807828,7.24714E+13
0.025217,0.659978,7.27626E+13
0.028078,0.544055,7.30941E+13
0.031209,0.450781,7.34634E+13
0.034466,0.374148,7.38673E+13
0.037728,0.310094,7.43025E+13
0.040893,0.255773,7.47655E+13
0.043886,0.209129,7.52525E+13
0.046645,0.168642,7.57599E+13
0.049127,0.133161,7.62842E+13
0.051305,0.1018,7.68217E+13
0.053163,0.073861,7.73692E+13
0.054692,0.048791,7.79235E+13
0.055896,0.026142,7.84817E+13
0.056783,0.005547,7.9041E+13
0.057365,-0.013303,7.9599E+13
0.057659,-0.030665,8.01532E+13
0.057684,-0.046764,8.07017E+13
,,
0.699103,0.365641,2.06722E+13
0.694429,0.314982,2.32868E+13
0.682367,0.262401,2.60252E+13
0.6649,0.207813,2.88566E+13
0.643369,0.151146,3.17454E+13
0.618703,0.092343,3.46525E+13
0.591567,0.031373,3.75369E+13
0.562461,-0.031753,4.03574E+13
0.531786,-0.096969,4.30747E+13
0.499893,-0.164129,4.56529E+13
0.467109,-0.232971,4.80618E+13
0.433758,-0.303073,5.02773E+13
0.400173,-0.373778,5.22834E+13
0.3667,-0.444091,5.40718E+13
0.333696,-0.512521,5.5642E+13
0.301524,-0.576873,5.70009E+13
0.270541,-0.633963,5.81618E+13
0.241091,-0.679326,5.91426E+13
0.213487,-0.707036,5.99649E+13
0.188002,-0.709965,6.06527E+13
0.164854,-0.68088,6.12303E+13
0.144197,-0.614681,6.1722E+13
0.12612,-0.51126,6.21504E+13
0.110639,-0.377542,6.25365E+13
0.097704,-0.227135,6.28984E+13
0.087205,-0.077312,6.3252E+13
0.078979,0.055499,6.361E+13
0.072822,0.159857,6.39827E+13
0.068503,0.231377,6.43779E+13
0.065773,0.272044,6.48009E+13
0.064379,0.28766,6.52555E+13
0.064071,0.285116,6.57432E+13
0.064613,0.27061,6.62647E+13
0.065786,0.248945,6.68191E+13
0.067393,0.223504,6.74048E+13
0.069264,0.196523,6.80195E+13
0.071253,0.1694,6.86603E+13
0.073238,0.142965,6.93242E+13
0.075122,0.117676,7.00075E+13
0.076831,0.093753,7.0707E+13
0.078308,0.071271,7.1419E+13
0.079515,0.050219,7.214E+13
0.080427,0.030532,7.28667E+13
0.081032,0.012121,7.3596E+13
0.081327,-0.005121,7.43247E+13
0.081318,-0.021304,7.505E+13
0.081016,-0.036542,7.57694E+13
0.080436,-0.050948,7.64804E+13
0.079597,-0.064635,7.71809E+13
0.078519,-0.077715,7.78688E+13
0.077224,-0.090304,7.85424E+13
,,
0.724479,0.406071,1.55329E+13
0.719836,0.356256,1.76198E+13
0.707885,0.304923,1.98271E+13
0.690629,0.252112,2.21325E+13
0.669417,0.197897,2.45099E+13
0.645185,0.142397,2.69296E+13
0.618603,0.085792,2.93601E+13
0.590177,0.028346,3.17691E+13
0.560314,-0.029575,3.41253E+13
0.529369,-0.087465,3.63994E+13
0.497672,-0.144645,3.85659E+13
0.465547,-0.20022,4.06043E+13
0.433321,-0.253034,4.24995E+13
0.401326,-0.301626,4.42424E+13
0.369903,-0.344204,4.58301E+13
0.339386,-0.378662,4.72653E+13
0.310102,-0.40266,4.85556E+13
0.282356,-0.413831,4.97128E+13
0.256419,-0.410119,5.07515E+13
0.232516,-0.390256,5.16885E+13
0.210821,-0.354274,5.25414E+13
0.191446,-0.303893,5.33276E+13
0.17444,-0.242589,5.4064E+13
0.159789,-0.175219,5.47661E+13
0.147418,-0.107262,5.54476E+13
0.137205,-0.04388,5.61203E+13
0.128982,0.010908,5.67942E+13
0.122549,0.054696,5.74769E+13
0.117689,0.086724,5.81743E+13
0.114171,0.107562,5.88905E+13
0.111766,0.118625,5.96283E+13
0.110253,0.121707,6.03886E+13
0.109426,0.118626,6.11717E+13
0.109095,0.111016,6.19766E+13
0.109096,0.100238,6.28018E+13
0.109283,0.087365,6.36451E+13
0.109538,0.073208,6.45038E+13
0.109762,0.058361,6.5375E+13
0.109879,0.043246,6.62557E+13
0.10983,0.028152,6.71427E+13
0.109574,0.013269,6.80327E+13
0.109083,-0.001285,6.89227E+13
0.108342,-0.015445,6.98095E+13
0.107345,-0.02919,7.06903E+13
0.106093,-0.042523,7.15624E+13
0.104595,-0.055473,7.24231E+13
0.102863,-0.068089,7.327E+13
0.100913,-0.080433,7.4101E+13
0.098761,-0.092584,7.4914E+13
0.096426,-0.104638,7.57072E+13
0.093927,-0.116708,7.64789E+13
,,
0.750073,0.450888,1.13659E+13
0.74558,0.403379,1.29891E+13
0.734043,0.354814,1.47263E+13
0.71744,0.305309,1.65638E+13
0.6971,0.255015,1.84843E+13
0.673941,0.204132,2.04676E+13
0.648615,0.152922,2.24914E+13
0.621611,0.101729,2.45319E+13
0.593319,0.050992,2.65655E+13
0.564071,0.001269,2.85689E+13
0.534174,-0.046746,3.05213E+13
0.503923,-0.092206,3.24043E+13
0.47361,-0.134111,3.42035E+13
0.443532,-0.171318,3.59084E+13
0.413987,-0.202578,3.75128E+13
0.385268,-0.226614,3.90151E+13
0.357657,-0.242237,4.04171E+13
0.331419,-0.248508,4.17245E+13
0.306784,-0.244921,4.29455E+13
0.283947,-0.231584,4.40902E+13
0.263054,-0.209343,4.51701E+13
0.244197,-0.179788,4.61972E+13
0.227418,-0.145138,4.71832E+13
0.212699,-0.107983,4.81395E+13
0.199977,-0.070959,4.90762E+13
0.189141,-0.036415,5.00024E+13
0.180045,-0.006163,5.09256E+13
0.172516,0.018651,5.1852E+13
0.166366,0.037538,5.27862E+13
0.161396,0.050561,5.37316E+13
0.157407,0.05818,5.46903E+13
0.15421,0.061082,5.56632E+13
0.151626,0.060049,5.66504E+13
0.149493,0.055855,5.7651E+13
0.147669,0.049209,5.86636E+13
0.146029,0.040719,5.96861E+13
0.14447,0.03089,6.07163E+13
0.142909,0.020124,6.17513E+13
0.14128,0.008731,6.27885E+13
0.139531,-0.003055,6.38246E+13
0.137628,-0.015067,6.48569E+13
0.135546,-0.027192,6.58822E+13
0.133271,-0.039358,6.68977E+13
0.130799,-0.051536,6.79006E+13
0.12813,-0.063723,6.88881E+13
0.125269,-0.07595,6.98577E+13
0.122227,-0.088271,7.0807E+13
0.119015,-0.100768,7.17337E+13
0.115646,-0.113555,7.26358E+13
0.112133,-0.126774,7.35111E+13
0.108491,-0.140609,7.43579E+13
,,
0.778387,0.504048,8.12696E+12
0.774165,0.459702,9.36867E+12
0.763324,0.414498,1.0717E+13
0.747751,0.368554,1.21652E+13
0.728706,0.322021,1.37034E+13
0.707045,0.275097,1.53194E+13
0.68337,0.228039,1.69981E+13
0.658126,0.181175,1.87232E+13
0.63166,0.134922,2.04767E+13
0.604267,0.08979,2.22408E+13
0.576214,0.046396,2.39977E+13
0.547759,0.00546,2.57314E+13
0.519159,-0.032204,2.74276E+13
0.490676,-0.065717,2.90748E+13
0.462576,-0.094183,3.06646E+13
0.435122,-0.11675,3.21916E+13
0.408571,-0.132707,3.36537E+13
0.383165,-0.141579,3.50518E+13
0.359119,-0.143233,3.63892E+13
0.336618,-0.137949,3.76713E+13
0.315802,-0.126457,3.89049E+13
0.296768,-0.109908,4.00978E+13
0.279564,-0.089773,4.12581E+13
0.264186,-0.067698,4.23939E+13
0.250589,-0.045323,4.35126E+13
0.238685,-0.024117,4.46212E+13
0.228352,-0.005249,4.57256E+13
0.219443,0.010472,4.68305E+13
0.211795,0.022608,4.79398E+13
0.205236,0.031046,4.90561E+13
0.199592,0.035922,5.01809E+13
0.194695,0.037543,5.13151E+13
0.190387,0.03631,5.24584E+13
0.186524,0.032657,5.36099E+13
0.182976,0.027009,5.47682E+13
0.179634,0.019754,5.59313E+13
0.176403,0.011228,5.70968E+13
0.173205,0.001712,5.8262E+13
0.16998,-0.00857,5.94241E+13
0.166681,-0.019448,6.058E+13
0.163273,-0.030802,6.17267E+13
0.159732,-0.042555,6.28611E+13
0.156042,-0.054671,6.398E+13
0.152196,-0.067153,6.50806E+13
0.148191,-0.080043,6.61598E+13
0.144029,-0.093419,6.72148E+13
0.139714,-0.107403,6.82429E+13
0.135253,-0.12216,6.92414E+13
0.130652,-0.137913,7.02077E+13
0.125918,-0.154952,7.11392E+13
0.121058,-0.173655,7.20336E+13
,,
0.810193,0.564598,5.72098E+12
0.80627,0.522891,6.66309E+12
0.796175,0.480204,7.70267E+12
0.781665,0.436653,8.83784E+12
0.763898,0.392395,1.00643E+13
0.743655,0.347636,1.13754E+13
0.721476,0.302644,1.27619E+13
0.697756,0.257752,1.42128E+13
0.672804,0.213373,1.57153E+13
0.646879,0.170001,1.72554E+13
0.620221,0.128213,1.88189E+13
0.593062,0.08866,2.03918E+13
0.565639,0.052048,2.1961E+13
0.538193,0.019114,2.35151E+13
0.510973,-0.009423,2.50446E+13
0.484229,-0.032916,2.65423E+13
0.458206,-0.050858,2.80038E+13
0.433138,-0.062951,2.94269E+13
0.409234,-0.06917,3.08116E+13
0.386676,-0.069801,3.21602E+13
0.365608,-0.065449,3.34761E+13
0.346131,-0.057004,3.47641E+13
0.328301,-0.045565,3.60294E+13
0.312129,-0.03234,3.72777E+13
0.297583,-0.018527,3.85142E+13
0.284591,-0.005209,3.97441E+13
0.27305,0.006727,4.09718E+13
0.262833,0.016634,4.22009E+13
0.253794,0.024112,4.34341E+13
0.24578,0.028985,4.46734E+13
0.238635,0.03126,4.59198E+13
0.232205,0.031075,4.71736E+13
0.226347,0.02865,4.84341E+13
0.220927,0.024246,4.97004E+13
0.215827,0.018133,5.09704E+13
0.210943,0.010565,5.22421E+13
0.206187,0.001768,5.35129E+13
0.201485,-0.008072,5.47796E+13
0.19678,-0.01881,5.60392E+13
0.192022,-0.030347,5.72883E+13
0.187179,-0.042626,5.85234E+13
0.182222,-0.055638,5.9741E+13
0.177133,-0.069419,6.09375E+13
0.171901,-0.084055,6.21094E+13
0.166518,-0.099687,6.32529E+13
0.160978,-0.116521,6.43647E+13
0.155279,-0.134838,6.54411E+13
0.14942,-0.155015,6.64785E+13
0.143399,-0.177559,6.74735E+13
0.137212,-0.203146,6.84225E+13
0.130856,-0.232696,6.93219E+13
,,
0.843429,0.627186,3.99559E+12
0.839738,0.587027,4.70622E+12
0.830233,0.545682,5.5029E+12
0.816552,0.503294,6.38692E+12
0.799769,0.460052,7.35763E+12
0.780597,0.416191,8.41235E+12
0.759531,0.372001,9.54626E+12
0.736929,0.327836,1.07525E+13
0.713071,0.284116,1.20225E+13
0.688195,0.241327,1.33461E+13
0.662523,0.200019,1.47125E+13
0.636273,0.160794,1.61101E+13
0.609667,0.124287,1.75279E+13
0.582936,0.091137,1.89555E+13
0.556317,0.061949,2.03836E+13
0.530049,0.037247,2.18048E+13
0.504369,0.017417,2.32135E+13
0.479501,0.00266,2.46059E+13
0.455653,-0.007051,2.59802E+13
0.432999,-0.011992,2.73364E+13
0.411684,-0.012685,2.86757E+13
0.391811,-0.009865,3.00006E+13
0.373439,-0.004419,3.13142E+13
0.356587,0.002693,3.26199E+13
0.34123,0.010521,3.39216E+13
0.327309,0.018199,3.52225E+13
0.314733,0.025007,3.65256E+13
0.303387,0.030397,3.78335E+13
0.293141,0.034005,3.91479E+13
0.283852,0.035632,4.04697E+13
0.275378,0.035219,4.17994E+13
0.267577,0.032811,4.31364E+13
0.260315,0.02852,4.44797E+13
0.253466,0.022496,4.58276E+13
0.246921,0.0149,4.71776E+13
0.240578,0.005882,4.8527E+13
0.234355,-0.00443,4.98727E+13
0.228179,-0.015942,5.12109E+13
0.221992,-0.028601,5.25379E+13
0.215744,-0.042402,5.38495E+13
0.209397,-0.057394,5.51414E+13
0.20292,-0.073684,5.64092E+13
0.19629,-0.091452,5.76484E+13
0.189487,-0.110961,5.88542E+13
0.182494,-0.132577,6.00219E+13
0.175299,-0.156805,6.11467E+13
0.167886,-0.184331,6.22235E+13
0.160245,-0.216098,6.32473E+13
0.152358,-0.253423,6.4213E+13
0.144211,-0.298199,6.51154E+13
0.135784,-0.353243,6.5949E+13
,,
0.875094,0.686909,2.77984E+12
0.871562,0.64768,3.31139E+12
0.86249,0.607119,3.91616E+12
0.849433,0.5654,4.59725E+12
0.8334,0.522738,5.35636E+12
0.81506,0.479389,6.19359E+12
0.794869,0.435662,7.1073E+12
0.773161,0.391921,8.09404E+12
0.750194,0.348582,9.14869E+12
0.726192,0.306121,1.02647E+13
0.701361,0.26506,1.14341E+13
0.675905,0.225956,1.26486E+13
0.650037,0.189385,1.38993E+13
0.623973,0.155913,1.51775E+13
0.597939,0.126059,1.64753E+13
0.572165,0.100256,1.77857E+13
0.546874,0.078809,1.91029E+13
0.522283,0.061856,2.04228E+13
0.498588,0.049339,2.17424E+13
0.47596,0.040991,2.30603E+13
0.454536,0.03635,2.43765E+13
0.434417,0.034785,2.56916E+13
0.415665,0.035551,2.70071E+13
0.398298,0.037845,2.8325E+13
0.382299,0.040878,2.96474E+13
0.367614,0.043929,3.09761E+13
0.354161,0.046383,3.2313E+13
0.341835,0.047761,3.36592E+13
0.330514,0.047724,3.50156E+13
0.320067,0.046057,3.6382E+13
0.31036,0.042656,3.77579E+13
0.30126,0.037495,3.9142E+13
0.292639,0.030601,4.05323E+13
0.284379,0.02203,4.19262E+13
0.276373,0.01184,4.33206E+13
0.268523,0.000076,4.47116E+13
0.260747,-0.013246,4.6095E+13
0.252971,-0.028154,4.74662E+13
0.245132,-0.044731,4.88202E+13
0.237178,-0.063128,5.01515E+13
0.229064,-0.083586,5.14545E+13
0.220751,-0.106449,5.27232E+13
0.212205,-0.132204,5.39514E+13
0.203397,-0.161526,5.51327E+13
0.194296,-0.195349,5.62606E+13
0.184878,-0.234991,5.73283E+13
0.175113,-0.282347,5.83288E+13
0.164975,-0.340245,5.92552E+13
0.154434,-0.413113,6.01003E+13
0.143459,-0.508358,6.08571E+13
0.132019,-0.639567,6.15185E+13
,,
0.903385,0.741676,1.92656E+12
0.899983,0.703354,2.31948E+12
0.891295,0.663603,2.7726E+12
0.878804,0.622613,3.28993E+12
0.863466,0.580611,3.87452E+12
0.845908,0.537867,4.52829E+12
0.826557,0.494696,5.25181E+12
0.805722,0.451459,6.04423E+12
0.783645,0.40857,6.90322E+12
0.76053,0.366485,7.82512E+12
0.736572,0.325699,8.80505E+12
0.711961,0.286731,9.83722E+12
0.686896,0.250107,1.09153E+13
0.661581,0.216331,1.20327E+13
0.636229,0.185856,1.31831E+13
0.611055,0.159048,1.43605E+13
0.586271,0.13615,1.55598E+13
0.562082,0.117256,1.67769E+13
0.538672,0.102288,1.80087E+13
0.516203,0.090991,1.92532E+13
0.494805,0.082946,2.05091E+13
0.474575,0.077598,2.17762E+13
0.455569,0.074301,2.30547E+13
0.437808,0.072364,2.43453E+13
0.421275,0.071108,2.56487E+13
0.40592,0.069905,2.69657E+13
0.391666,0.068212,2.82966E+13
0.378413,0.065591,2.96417E+13
0.366047,0.061708,3.10002E+13
0.354444,0.056327,3.23713E+13
0.343474,0.049291,3.37531E+13
0.333011,0.040503,3.51431E+13
0.32293,0.029896,3.65381E+13
0.313116,0.01742,3.79344E+13
0.303461,0.003007,3.93274E+13
0.293867,-0.013437,4.07118E+13
0.284248,-0.032063,4.20819E+13
0.274525,-0.053092,4.34314E+13
0.264629,-0.076848,4.47535E+13
0.254498,-0.103786,4.60409E+13
0.244077,-0.134542,4.7286E+13
0.233316,-0.170002,4.84807E+13
0.22217,-0.211414,4.96167E+13
0.210595,-0.260571,5.06856E+13
0.198552,-0.320139,5.16789E+13
0.186003,-0.394258,5.25878E+13
0.172911,-0.489776,5.34039E+13
0.159244,-0.619065,5.41191E+13
0.144971,-0.80759,5.47254E+13
0.130068,-1.120624,5.52158E+13
0.114517,-1.830074,5.5584E+13
,,
0.927911,0.791258,1.32738E+12
0.924648,0.754112,1.61369E+12
0.916373,0.715442,1.94802E+12
0.904488,0.675448,2.3346E+12
0.889894,0.63436,2.77712E+12
0.873175,0.592453,3.27851E+12
0.854727,0.550042,3.84076E+12
0.834836,0.507484,4.46482E+12
0.813722,0.465181,5.15047E+12
0.791576,0.423573,5.89634E+12
0.768576,0.383128,6.69998E+12
0.744899,0.344332,7.55803E+12
0.72073,0.307665,8.46642E+12
0.696259,0.273581,9.42067E+12
0.671685,0.24248,1.04161E+13
0.647209,0.214671,1.14483E+13
0.623028,0.190354,1.2513E+13
0.599333,0.169587,1.36066E+13
0.576296,0.152276,1.47263E+13
0.554067,0.138177,1.58697E+13
0.532767,0.126904,1.70352E+13
0.512483,0.117956,1.82219E+13
0.493268,0.110755,1.9429E+13
0.475138,0.10469,2.06562E+13
0.458075,0.09915,2.1903E+13
0.442028,0.093568,2.3169E+13
0.426922,0.087439,2.44535E+13
0.41266,0.080333,2.57551E+13
0.399129,0.071902,2.70721E+13
0.386209,0.061863,2.84019E+13
0.373771,0.049988,2.97414E+13
0.361689,0.03608,3.10864E+13
0.349839,0.019953,3.24323E+13
0.338103,0.001404,3.37734E+13
0.32637,-0.019814,3.51033E+13
0.314537,-0.044016,3.6415E+13
0.302512,-0.071626,3.77005E+13
0.290207,-0.103215,3.89516E+13
0.277547,-0.139572,4.01593E+13
0.264462,-0.181788,4.13143E+13
0.250891,-0.231416,4.2407E+13
0.236779,-0.290724,4.34277E+13
0.222078,-0.363161,4.43667E+13
0.206751,-0.454278,4.52149E+13
0.190767,-0.573712,4.59632E+13
0.174108,-0.740169,4.66036E+13
0.156768,-0.996883,4.71292E+13
0.138756,-1.483463,4.75344E+13
0.120101,-4.14371,4.7815E+13
0.100853,-1.234881,4.79689E+13
0.081089,-0.331634,4.79963E+13
,,
0.948933,0.835934,9.07264E+11
0.945835,0.800286,1.11264E+12
0.938024,0.763006,1.35525E+12
0.926814,0.724294,1.63913E+12
0.913036,0.684382,1.96805E+12
0.897232,0.643541,2.34534E+12
0.879763,0.602082,2.77377E+12
0.86089,0.560356,3.25536E+12
0.840813,0.518752,3.79132E+12
0.819705,0.477689,4.38192E+12
0.797731,0.437612,5.02657E+12
0.775052,0.398972,5.72385E+12
0.751838,0.362211,6.47162E+12
0.728266,0.327737,7.26722E+12
0.704517,0.295903,8.10767E+12
0.680777,0.266972,8.98982E+12
0.657229,0.241103,9.91061E+12
0.634046,0.218326,1.08672E+13
0.611385,0.198533,1.1857E+13
0.589383,0.181483,1.28778E+13
0.568148,0.16681,1.39279E+13
0.547756,0.154049,1.50057E+13
0.52825,0.142667,1.61097E+13
0.509638,0.132097,1.72387E+13
0.491897,0.12177,1.83912E+13
0.474972,0.111143,1.95656E+13
0.458786,0.099716,2.07596E+13
0.443237,0.087043,2.19705E+13
0.428214,0.072726,2.3195E+13
0.413591,0.056411,2.44288E+13
0.399241,0.037767,2.56671E+13
0.385033,0.016464,2.69038E+13
0.370843,-0.007848,2.81323E+13
0.35655,-0.035577,2.9345E+13
0.342041,-0.067224,3.05336E+13
0.327213,-0.103429,3.16891E+13
0.311974,-0.14504,3.2802E+13
0.296243,-0.193218,3.38625E+13
0.279955,-0.249587,3.48607E+13
0.263055,-0.316518,3.57868E+13
0.245509,-0.39762,3.66315E+13
0.227298,-0.498737,3.73861E+13
0.208424,-0.630119,3.80433E+13
0.188914,-0.811982,3.85967E+13
0.168817,-1.092312,3.90421E+13
0.148215,-1.635357,3.9377E+13
0.127216,-3.995014,3.9601E+13
0.105965,-1.199871,3.97163E+13
0.084634,-0.345311,3.9727E+13
0.063428,0.396177,3.96398E+13
0.042578,1.413832,3.94632E+13
,,
0.966779,0.875813,6.14244E+11
0.963867,0.841939,7.59161E+11
0.956569,0.806306,9.32188E+11
0.946088,0.769108,1.13688E+12
0.933184,0.730572,1.37673E+12
0.918347,0.690962,1.65506E+12
0.901904,0.650582,1.97485E+12
0.884089,0.60977,2.33865E+12
0.865081,0.568899,2.74844E+12
0.845037,0.528366,3.20553E+12
0.824103,0.488589,3.71059E+12
0.802427,0.449984,4.26356E+12
0.780162,0.412955,4.86378E+12
0.757467,0.377867,5.51E+12
0.734508,0.345025,6.20059E+12
0.711453,0.314653,6.93359E+12
0.688464,0.28687,7.70689E+12
0.665698,0.261675,8.51833E+12
0.643293,0.238946,9.36578E+12
0.621368,0.218437,1.02471E+13
0.600014,0.19979,1.11604E+13
0.579293,0.182561,1.21036E+13
0.559235,0.16624,1.30746E+13
0.539836,0.150285,1.40712E+13
0.521064,0.134144,1.50908E+13
0.502858,0.117279,1.61303E+13
0.485133,0.099179,1.71862E+13
0.467787,0.079369,1.82541E+13
0.450704,0.057402,1.93291E+13
0.433763,0.032857,2.04054E+13
0.416837,0.005318,2.14762E+13
0.399806,-0.025647,2.25342E+13
0.382555,-0.060506,2.35714E+13
0.36498,-0.099805,2.45791E+13
0.346993,-0.144202,2.55484E+13
0.328524,-0.194535,2.64704E+13
0.309525,-0.251905,2.73363E+13
0.289973,-0.317823,2.81378E+13
0.26987,-0.394451,2.88675E+13
0.249252,-0.485041,2.95193E+13
0.228185,-0.59479,3.00885E+13
0.206768,-0.732681,3.0572E+13
0.185136,-0.916028,3.0969E+13
0.163455,-1.184228,3.12804E+13
0.141924,-1.659437,3.15092E+13
0.120763,-3.445069,3.16603E+13
0.100214,-1.634397,3.17405E+13
0.080526,-0.712895,3.17576E+13
0.061945,0.010837,3.17206E+13
0.044706,0.905582,3.1639E+13
0.029018,3.182463,3.15226E+13
,,
0.981599,0.910599,4.11541E+11
0.978891,0.878679,5.12064E+11
0.97213,0.844849,6.33242E+11
0.962403,0.809294,7.78028E+11
0.950391,0.772228,9.49435E+11
0.93653,0.733905,1.15044E+12
0.92111,0.694612,1.3839E+12
0.904335,0.654669,1.65239E+12
0.886365,0.614427,1.95818E+12
0.867337,0.574257,2.30308E+12
0.847379,0.534544,2.68839E+12
0.826621,0.495668,3.1149E+12
0.805198,0.457991,3.58283E+12
0.783251,0.421833,4.0919E+12
0.760926,0.387456,4.64136E+12
0.738367,0.355041,5.23009E+12
0.715719,0.324671,5.85664E+12
0.693114,0.296321,6.51929E+12
0.67067,0.269852,7.21616E+12
0.648486,0.245016,7.94514E+12
0.626634,0.22147,8.70396E+12
0.605161,0.198791,9.49011E+12
0.584082,0.176505,1.03008E+13
0.563386,0.154109,1.11329E+13
0.543033,0.131098,1.19827E+13
0.522964,0.106984,1.28462E+13
0.5031,0.081315,1.37187E+13
0.48335,0.053687,1.45948E+13
0.463618,0.023744,1.54687E+13
0.443812,-0.008808,1.6334E+13
0.423845,-0.04421,1.7184E+13
0.403645,-0.082639,1.80115E+13
0.38316,-0.12421,1.88097E+13
0.362365,-0.168959,1.95717E+13
0.341261,-0.216833,2.02913E+13
0.319886,-0.267655,2.0963E+13
0.298308,-0.321088,2.15825E+13
0.276633,-0.376562,2.21468E+13
0.254999,-0.433188,2.26541E+13
0.233576,-0.489614,2.31044E+13
0.212555,-0.543836,2.34991E+13
0.192147,-0.592966,2.38409E+13
0.172569,-0.632968,2.41341E+13
0.154035,-0.658509,2.43836E+13
0.136744,-0.663136,2.45953E+13
0.120873,-0.640142,2.47754E+13
0.10656,-0.584371,2.49302E+13
0.093904,-0.494674,2.5066E+13
0.082957,-0.375922,2.51885E+13
0.073722,-0.239186,2.53031E+13
0.066159,-0.099555,2.54143E+13
,,
0.993279,0.939449,2.72644E+11
0.99078,0.909516,3.41111E+11
0.984554,0.877495,4.24327E+11
0.975562,0.84355,5.24611E+11
0.964403,0.807881,6.44389E+11
0.95146,0.770718,7.86136E+11
0.936983,0.732327,9.52297E+11
0.921149,0.693002,1.1452E+12
0.904091,0.653066,1.36697E+12
0.885927,0.612858,1.61945E+12
0.866764,0.572725,1.90412E+12
0.846713,0.533011,2.22204E+12
0.825888,0.494036,2.57382E+12
0.804409,0.456084,2.95962E+12
0.782399,0.419383,3.37913E+12
0.759982,0.384087,3.8316E+12
0.737279,0.350267,4.31589E+12
0.714402,0.317901,4.83048E+12
0.691452,0.286875,5.3735E+12
0.668512,0.256993,5.94279E+12
0.645646,0.227987,6.53582E+12
0.622896,0.199544,7.14978E+12
0.600282,0.171331,7.78149E+12
0.577808,0.143022,8.42745E+12
0.555458,0.114334,9.08382E+12
0.533208,0.085051,9.74643E+12
0.511029,0.055052,1.04109E+13
0.488895,0.024335,1.10726E+13
0.466787,-0.006961,1.17269E+13
0.444704,-0.038542,1.23692E+13
0.422665,-0.069944,1.29952E+13
0.400714,-0.100526,1.36011E+13
0.378921,-0.129469,1.41837E+13
0.357385,-0.155799,1.47403E+13
0.33623,-0.178417,1.52695E+13
0.315599,-0.196169,1.57706E+13
0.295651,-0.207946,1.62437E+13
0.276548,-0.212816,1.66901E+13
0.258451,-0.210174,1.71115E+13
0.241505,-0.199899,1.75105E+13
0.225835,-0.182456,1.78901E+13
0.211533,-0.158933,1.82534E+13
0.19866,-0.130965,1.86038E+13
0.187234,-0.100559,1.89446E+13
0.177236,-0.069841,1.92786E+13
0.168613,-0.040793,1.96086E+13
0.161276,-0.015026,1.99369E+13
0.155114,0.006352,2.02654E+13
0.149997,0.022771,2.05955E+13
0.145781,0.034142,2.09282E+13
0.142322,0.040749,2.12642E+13
,,
1.001357,0.960751,1.78347E+11
0.999056,0.932622,2.24017E+11
0.993316,0.902187,2.79877E+11
0.984975,0.869586,3.47639E+11
0.974554,0.834991,4.29128E+11
0.962378,0.798609,5.26236E+11
0.948662,0.760675,6.40869E+11
0.93355,0.721459,7.74884E+11
0.917153,0.681253,9.30014E+11
0.899567,0.64037,1.1078E+12
0.880878,0.599133,1.30951E+12
0.861178,0.557866,1.53611E+12
0.840563,0.516881,1.78817E+12
0.819133,0.476464,2.06588E+12
0.796998,0.436865,2.36901E+12
0.774268,0.398285,2.69691E+12
0.751056,0.360874,3.04856E+12
0.727472,0.324727,3.42258E+12
0.703624,0.289892,3.81724E+12
0.679611,0.25638,4.23058E+12
0.655524,0.224182,4.66036E+12
0.631446,0.193297,5.10418E+12
0.607455,0.163749,5.55951E+12
0.583622,0.135613,6.02377E+12
0.560016,0.109034,6.49438E+12
0.536711,0.084236,6.96882E+12
0.513783,0.06152,7.44477E+12
0.491316,0.041248,7.92016E+12
0.469403,0.023817,8.39322E+12
0.448144,0.009612,8.86261E+12
0.427647,-0.001043,9.32739E+12
0.408019,-0.007947,9.78711E+12
0.389364,-0.011069,1.02417E+13
0.371778,-0.010583,1.06917E+13
0.355341,-0.006886,1.11377E+13
0.340108,-0.000575,1.15807E+13
0.326112,0.007602,1.20221E+13
0.313357,0.016811,1.2463E+13
0.301815,0.026213,1.29048E+13
0.291434,0.035045,1.33487E+13
0.282134,0.042674,1.37957E+13
0.273818,0.048636,1.42467E+13
0.266374,0.052646,1.47024E+13
0.259679,0.054584,1.51632E+13
0.25361,0.054471,1.56291E+13
0.248045,0.052432,1.61E+13
0.24287,0.048663,1.65757E+13
0.237978,0.043397,1.70556E+13
0.233275,0.036882,1.7539E+13
0.228683,0.029361,1.8025E+13
0.224134,0.02106,1.85127E+13
,,
1.004879,0.971819,1.14831E+11
1.002746,0.945037,1.44503E+11
0.997387,0.915696,1.80926E+11
0.989533,0.883912,2.25277E+11
0.979634,0.849837,2.78816E+11
0.96797,0.813657,3.42862E+11
0.954719,0.775598,4.18748E+11
0.940003,0.735924,5.0778E+11
0.923914,0.694933,6.1118E+11
0.906533,0.652958,7.30031E+11
0.887938,0.610361,8.65225E+11
0.868215,0.567526,1.01742E+12
0.847457,0.524854,1.18698E+12
0.825774,0.482754,1.37401E+12
0.803286,0.441636,1.57831E+12
0.78013,0.401903,1.79938E+12
0.756453,0.363947,2.0365E+12
0.732411,0.328136,2.28876E+12
0.708172,0.294817,2.55511E+12
0.683905,0.264303,2.83442E+12
0.659786,0.23687,3.12557E+12
0.635986,0.212742,3.42751E+12
0.612676,0.192079,3.73931E+12
0.590016,0.174966,4.06021E+12
0.568158,0.161385,4.38965E+12
0.547235,0.151212,4.72732E+12
0.527365,0.1442,5.07313E+12
0.508639,0.139984,5.42722E+12
0.491124,0.138094,5.78994E+12
0.474856,0.137981,6.1618E+12
0.459842,0.139053,6.54343E+12
0.446058,0.140715,6.93553E+12
0.43345,0.142413,7.33882E+12
0.421942,0.143667,7.754E+12
0.411433,0.144093,8.18167E+12
0.40181,0.143414,8.62231E+12
0.392948,0.141461,9.07626E+12
0.384719,0.138164,9.54364E+12
0.376994,0.133532,1.00244E+13
0.369652,0.127635,1.05183E+13
0.362581,0.120587,1.10249E+13
0.35568,0.112528,1.15435E+13
0.348864,0.103611,1.20733E+13
0.34206,0.093988,1.26132E+13
0.335212,0.08381,1.31622E+13
0.328276,0.073214,1.37189E+13
0.321223,0.062325,1.4282E+13
0.314035,0.051255,1.485E+13
0.306702,0.0401,1.54216E+13
0.299225,0.028944,1.59951E+13
0.291612,0.017858,1.65691E+13
